SettlementGroupID,MarginCalcID,InstrumentID,ParticipantID
SG01,0001,600000,00000000
SG01,0001,600004,00000000
SG01,0001,600006,00000000
SG01,0001,600007,00000000
SG01,0001,600008,00000000
SG01,0001,600009,00000000
SG01,0001,600010,00000000
SG01,0001,600011,00000000
SG01,0001,600012,00000000
SG01,0001,600015,00000000
SG01,0001,600016,00000000
SG01,0001,600017,00000000
SG01,0001,600018,00000000
SG01,0001,600019,00000000
SG01,0001,600020,00000000
SG01,0001,600021,00000000
SG01,0001,600022,00000000
SG01,0001,600023,00000000
SG01,0001,600025,00000000
SG01,0001,600026,00000000
SG01,0001,600027,00000000
SG01,0001,600028,00000000
SG01,0001,600029,00000000
SG01,0001,600030,00000000
SG01,0001,600031,00000000
SG01,0001,600033,00000000
SG01,0001,600035,00000000
SG01,0001,600036,00000000
SG01,0001,600037,00000000
SG01,0001,600038,00000000
SG01,0001,600039,00000000
SG01,0001,600048,00000000
SG01,0001,600050,00000000
SG01,0001,600051,00000000
SG01,0001,600052,00000000
SG01,0001,600053,00000000
SG01,0001,600054,00000000
SG01,0001,600055,00000000
SG01,0001,600056,00000000
SG01,0001,600057,00000000
SG01,0001,600058,00000000
SG01,0001,600059,00000000
SG01,0001,600060,00000000
SG01,0001,600061,00000000
SG01,0001,600062,00000000
SG01,0001,600063,00000000
SG01,0001,600064,00000000
SG01,0001,600066,00000000
SG01,0001,600067,00000000
SG01,0001,600068,00000000
SG01,0001,600069,00000000
SG01,0001,600070,00000000
SG01,0001,600071,00000000
SG01,0001,600072,00000000
SG01,0001,600073,00000000
SG01,0001,600074,00000000
SG01,0001,600075,00000000
SG01,0001,600076,00000000
SG01,0001,600077,00000000
SG01,0001,600078,00000000
SG01,0001,600079,00000000
SG01,0001,600080,00000000
SG01,0001,600081,00000000
SG01,0001,600082,00000000
SG01,0001,600083,00000000
SG01,0001,600084,00000000
SG01,0001,600085,00000000
SG01,0001,600086,00000000
SG01,0001,600088,00000000
SG01,0001,600089,00000000
SG01,0001,600090,00000000
SG01,0001,600091,00000000
SG01,0001,600093,00000000
SG01,0001,600094,00000000
SG01,0001,600095,00000000
SG01,0001,600096,00000000
SG01,0001,600097,00000000
SG01,0001,600098,00000000
SG01,0001,600099,00000000
SG01,0001,600100,00000000
SG01,0001,600101,00000000
SG01,0001,600103,00000000
SG01,0001,600104,00000000
SG01,0001,600105,00000000
SG01,0001,600106,00000000
SG01,0001,600107,00000000
SG01,0001,600108,00000000
SG01,0001,600109,00000000
SG01,0001,600110,00000000
SG01,0001,600111,00000000
SG01,0001,600112,00000000
SG01,0001,600113,00000000
SG01,0001,600114,00000000
SG01,0001,600115,00000000
SG01,0001,600116,00000000
SG01,0001,600117,00000000
SG01,0001,600118,00000000
SG01,0001,600119,00000000
SG01,0001,600120,00000000
SG01,0001,600121,00000000
SG01,0001,600122,00000000
SG01,0001,600123,00000000
SG01,0001,600125,00000000
SG01,0001,600126,00000000
SG01,0001,600127,00000000
SG01,0001,600128,00000000
SG01,0001,600129,00000000
SG01,0001,600130,00000000
SG01,0001,600131,00000000
SG01,0001,600132,00000000
SG01,0001,600133,00000000
SG01,0001,600135,00000000
SG01,0001,600136,00000000
SG01,0001,600137,00000000
SG01,0001,600138,00000000
SG01,0001,600139,00000000
SG01,0001,600141,00000000
SG01,0001,600143,00000000
SG01,0001,600145,00000000
SG01,0001,600146,00000000
SG01,0001,600148,00000000
SG01,0001,600149,00000000
SG01,0001,600150,00000000
SG01,0001,600151,00000000
SG01,0001,600152,00000000
SG01,0001,600153,00000000
SG01,0001,600155,00000000
SG01,0001,600156,00000000
SG01,0001,600157,00000000
SG01,0001,600158,00000000
SG01,0001,600159,00000000
SG01,0001,600160,00000000
SG01,0001,600161,00000000
SG01,0001,600162,00000000
SG01,0001,600163,00000000
SG01,0001,600165,00000000
SG01,0001,600166,00000000
SG01,0001,600167,00000000
SG01,0001,600168,00000000
SG01,0001,600169,00000000
SG01,0001,600170,00000000
SG01,0001,600171,00000000
SG01,0001,600172,00000000
SG01,0001,600173,00000000
SG01,0001,600175,00000000
SG01,0001,600176,00000000
SG01,0001,600177,00000000
SG01,0001,600178,00000000
SG01,0001,600179,00000000
SG01,0001,600180,00000000
SG01,0001,600182,00000000
SG01,0001,600183,00000000
SG01,0001,600184,00000000
SG01,0001,600185,00000000
SG01,0001,600186,00000000
SG01,0001,600187,00000000
SG01,0001,600188,00000000
SG01,0001,600189,00000000
SG01,0001,600190,00000000
SG01,0001,600191,00000000
SG01,0001,600192,00000000
SG01,0001,600193,00000000
SG01,0001,600195,00000000
SG01,0001,600196,00000000
SG01,0001,600197,00000000
SG01,0001,600198,00000000
SG01,0001,600199,00000000
SG01,0001,600200,00000000
SG01,0001,600201,00000000
SG01,0001,600202,00000000
SG01,0001,600203,00000000
SG01,0001,600206,00000000
SG01,0001,600207,00000000
SG01,0001,600208,00000000
SG01,0001,600209,00000000
SG01,0001,600210,00000000
SG01,0001,600211,00000000
SG01,0001,600212,00000000
SG01,0001,600213,00000000
SG01,0001,600215,00000000
SG01,0001,600216,00000000
SG01,0001,600217,00000000
SG01,0001,600218,00000000
SG01,0001,600219,00000000
SG01,0001,600220,00000000
SG01,0001,600221,00000000
SG01,0001,600222,00000000
SG01,0001,600223,00000000
SG01,0001,600225,00000000
SG01,0001,600226,00000000
SG01,0001,600227,00000000
SG01,0001,600228,00000000
SG01,0001,600229,00000000
SG01,0001,600230,00000000
SG01,0001,600231,00000000
SG01,0001,600232,00000000
SG01,0001,600233,00000000
SG01,0001,600234,00000000
SG01,0001,600235,00000000
SG01,0001,600236,00000000
SG01,0001,600237,00000000
SG01,0001,600238,00000000
SG01,0001,600239,00000000
SG01,0001,600240,00000000
SG01,0001,600241,00000000
SG01,0001,600242,00000000
SG01,0001,600243,00000000
SG01,0001,600246,00000000
SG01,0001,600247,00000000
SG01,0001,600248,00000000
SG01,0001,600249,00000000
SG01,0001,600250,00000000
SG01,0001,600251,00000000
SG01,0001,600252,00000000
SG01,0001,600255,00000000
SG01,0001,600256,00000000
SG01,0001,600257,00000000
SG01,0001,600258,00000000
SG01,0001,600259,00000000
SG01,0001,600260,00000000
SG01,0001,600261,00000000
SG01,0001,600262,00000000
SG01,0001,600265,00000000
SG01,0001,600266,00000000
SG01,0001,600267,00000000
SG01,0001,600268,00000000
SG01,0001,600269,00000000
SG01,0001,600270,00000000
SG01,0001,600271,00000000
SG01,0001,600272,00000000
SG01,0001,600273,00000000
SG01,0001,600275,00000000
SG01,0001,600276,00000000
SG01,0001,600277,00000000
SG01,0001,600278,00000000
SG01,0001,600279,00000000
SG01,0001,600280,00000000
SG01,0001,600281,00000000
SG01,0001,600282,00000000
SG01,0001,600283,00000000
SG01,0001,600284,00000000
SG01,0001,600285,00000000
SG01,0001,600287,00000000
SG01,0001,600288,00000000
SG01,0001,600289,00000000
SG01,0001,600290,00000000
SG01,0001,600291,00000000
SG01,0001,600292,00000000
SG01,0001,600293,00000000
SG01,0001,600295,00000000
SG01,0001,600297,00000000
SG01,0001,600298,00000000
SG01,0001,600299,00000000
SG01,0001,600300,00000000
SG01,0001,600301,00000000
SG01,0001,600302,00000000
SG01,0001,600303,00000000
SG01,0001,600305,00000000
SG01,0001,600306,00000000
SG01,0001,600307,00000000
SG01,0001,600308,00000000
SG01,0001,600309,00000000
SG01,0001,600310,00000000
SG01,0001,600311,00000000
SG01,0001,600312,00000000
SG01,0001,600313,00000000
SG01,0001,600315,00000000
SG01,0001,600316,00000000
SG01,0001,600317,00000000
SG01,0001,600318,00000000
SG01,0001,600319,00000000
SG01,0001,600320,00000000
SG01,0001,600321,00000000
SG01,0001,600322,00000000
SG01,0001,600323,00000000
SG01,0001,600325,00000000
SG01,0001,600326,00000000
SG01,0001,600327,00000000
SG01,0001,600328,00000000
SG01,0001,600329,00000000
SG01,0001,600330,00000000
SG01,0001,600331,00000000
SG01,0001,600332,00000000
SG01,0001,600333,00000000
SG01,0001,600335,00000000
SG01,0001,600336,00000000
SG01,0001,600337,00000000
SG01,0001,600338,00000000
SG01,0001,600339,00000000
SG01,0001,600340,00000000
SG01,0001,600343,00000000
SG01,0001,600345,00000000
SG01,0001,600346,00000000
SG01,0001,600348,00000000
SG01,0001,600350,00000000
SG01,0001,600351,00000000
SG01,0001,600352,00000000
SG01,0001,600353,00000000
SG01,0001,600354,00000000
SG01,0001,600355,00000000
SG01,0001,600356,00000000
SG01,0001,600358,00000000
SG01,0001,600359,00000000
SG01,0001,600360,00000000
SG01,0001,600361,00000000
SG01,0001,600362,00000000
SG01,0001,600363,00000000
SG01,0001,600365,00000000
SG01,0001,600366,00000000
SG01,0001,600367,00000000
SG01,0001,600368,00000000
SG01,0001,600369,00000000
SG01,0001,600370,00000000
SG01,0001,600371,00000000
SG01,0001,600372,00000000
SG01,0001,600373,00000000
SG01,0001,600375,00000000
SG01,0001,600376,00000000
SG01,0001,600377,00000000
SG01,0001,600378,00000000
SG01,0001,600379,00000000
SG01,0001,600380,00000000
SG01,0001,600381,00000000
SG01,0001,600382,00000000
SG01,0001,600383,00000000
SG01,0001,600385,00000000
SG01,0001,600386,00000000
SG01,0001,600387,00000000
SG01,0001,600388,00000000
SG01,0001,600389,00000000
SG01,0001,600390,00000000
SG01,0001,600391,00000000
SG01,0001,600392,00000000
SG01,0001,600393,00000000
SG01,0001,600395,00000000
SG01,0001,600396,00000000
SG01,0001,600397,00000000
SG01,0001,600398,00000000
SG01,0001,600399,00000000
SG01,0001,600400,00000000
SG01,0001,600401,00000000
SG01,0001,600403,00000000
SG01,0001,600405,00000000
SG01,0001,600406,00000000
SG01,0001,600408,00000000
SG01,0001,600409,00000000
SG01,0001,600410,00000000
SG01,0001,600415,00000000
SG01,0001,600416,00000000
SG01,0001,600418,00000000
SG01,0001,600419,00000000
SG01,0001,600420,00000000
SG01,0001,600421,00000000
SG01,0001,600422,00000000
SG01,0001,600423,00000000
SG01,0001,600425,00000000
SG01,0001,600426,00000000
SG01,0001,600428,00000000
SG01,0001,600429,00000000
SG01,0001,600432,00000000
SG01,0001,600433,00000000
SG01,0001,600435,00000000
SG01,0001,600436,00000000
SG01,0001,600438,00000000
SG01,0001,600439,00000000
SG01,0001,600444,00000000
SG01,0001,600446,00000000
SG01,0001,600448,00000000
SG01,0001,600449,00000000
SG01,0001,600452,00000000
SG01,0001,600455,00000000
SG01,0001,600456,00000000
SG01,0001,600458,00000000
SG01,0001,600459,00000000
SG01,0001,600460,00000000
SG01,0001,600461,00000000
SG01,0001,600462,00000000
SG01,0001,600463,00000000
SG01,0001,600466,00000000
SG01,0001,600467,00000000
SG01,0001,600468,00000000
SG01,0001,600469,00000000
SG01,0001,600470,00000000
SG01,0001,600475,00000000
SG01,0001,600476,00000000
SG01,0001,600477,00000000
SG01,0001,600478,00000000
SG01,0001,600479,00000000
SG01,0001,600480,00000000
SG01,0001,600481,00000000
SG01,0001,600482,00000000
SG01,0001,600483,00000000
SG01,0001,600485,00000000
SG01,0001,600486,00000000
SG01,0001,600487,00000000
SG01,0001,600488,00000000
SG01,0001,600489,00000000
SG01,0001,600490,00000000
SG01,0001,600491,00000000
SG01,0001,600493,00000000
SG01,0001,600495,00000000
SG01,0001,600496,00000000
SG01,0001,600497,00000000
SG01,0001,600498,00000000
SG01,0001,600499,00000000
SG01,0001,600500,00000000
SG01,0001,600501,00000000
SG01,0001,600502,00000000
SG01,0001,600503,00000000
SG01,0001,600505,00000000
SG01,0001,600506,00000000
SG01,0001,600507,00000000
SG01,0001,600508,00000000
SG01,0001,600509,00000000
SG01,0001,600510,00000000
SG01,0001,600511,00000000
SG01,0001,600512,00000000
SG01,0001,600513,00000000
SG01,0001,600515,00000000
SG01,0001,600516,00000000
SG01,0001,600517,00000000
SG01,0001,600518,00000000
SG01,0001,600519,00000000
SG01,0001,600520,00000000
SG01,0001,600521,00000000
SG01,0001,600522,00000000
SG01,0001,600523,00000000
SG01,0001,600525,00000000
SG01,0001,600526,00000000
SG01,0001,600527,00000000
SG01,0001,600528,00000000
SG01,0001,600529,00000000
SG01,0001,600530,00000000
SG01,0001,600531,00000000
SG01,0001,600532,00000000
SG01,0001,600533,00000000
SG01,0001,600535,00000000
SG01,0001,600536,00000000
SG01,0001,600537,00000000
SG01,0001,600538,00000000
SG01,0001,600539,00000000
SG01,0001,600540,00000000
SG01,0001,600543,00000000
SG01,0001,600545,00000000
SG01,0001,600546,00000000
SG01,0001,600547,00000000
SG01,0001,600548,00000000
SG01,0001,600549,00000000
SG01,0001,600550,00000000
SG01,0001,600551,00000000
SG01,0001,600552,00000000
SG01,0001,600555,00000000
SG01,0001,600556,00000000
SG01,0001,600557,00000000
SG01,0001,600558,00000000
SG01,0001,600559,00000000
SG01,0001,600560,00000000
SG01,0001,600561,00000000
SG01,0001,600562,00000000
SG01,0001,600563,00000000
SG01,0001,600565,00000000
SG01,0001,600566,00000000
SG01,0001,600567,00000000
SG01,0001,600568,00000000
SG01,0001,600569,00000000
SG01,0001,600570,00000000
SG01,0001,600571,00000000
SG01,0001,600572,00000000
SG01,0001,600573,00000000
SG01,0001,600575,00000000
SG01,0001,600576,00000000
SG01,0001,600577,00000000
SG01,0001,600578,00000000
SG01,0001,600579,00000000
SG01,0001,600580,00000000
SG01,0001,600581,00000000
SG01,0001,600582,00000000
SG01,0001,600583,00000000
SG01,0001,600584,00000000
SG01,0001,600585,00000000
SG01,0001,600586,00000000
SG01,0001,600587,00000000
SG01,0001,600588,00000000
SG01,0001,600589,00000000
SG01,0001,600590,00000000
SG01,0001,600592,00000000
SG01,0001,600593,00000000
SG01,0001,600594,00000000
SG01,0001,600595,00000000
SG01,0001,600596,00000000
SG01,0001,600597,00000000
SG01,0001,600598,00000000
SG01,0001,600599,00000000
SG01,0001,600600,00000000
SG01,0001,600601,00000000
SG01,0001,600602,00000000
SG01,0001,600603,00000000
SG01,0001,600604,00000000
SG01,0001,600605,00000000
SG01,0001,600606,00000000
SG01,0001,600608,00000000
SG01,0001,600609,00000000
SG01,0001,600610,00000000
SG01,0001,600611,00000000
SG01,0001,600612,00000000
SG01,0001,600613,00000000
SG01,0001,600614,00000000
SG01,0001,600615,00000000
SG01,0001,600616,00000000
SG01,0001,600617,00000000
SG01,0001,600618,00000000
SG01,0001,600619,00000000
SG01,0001,600620,00000000
SG01,0001,600621,00000000
SG01,0001,600622,00000000
SG01,0001,600623,00000000
SG01,0001,600624,00000000
SG01,0001,600626,00000000
SG01,0001,600628,00000000
SG01,0001,600629,00000000
SG01,0001,600630,00000000
SG01,0001,600633,00000000
SG01,0001,600634,00000000
SG01,0001,600635,00000000
SG01,0001,600636,00000000
SG01,0001,600637,00000000
SG01,0001,600638,00000000
SG01,0001,600639,00000000
SG01,0001,600640,00000000
SG01,0001,600641,00000000
SG01,0001,600642,00000000
SG01,0001,600643,00000000
SG01,0001,600644,00000000
SG01,0001,600645,00000000
SG01,0001,600647,00000000
SG01,0001,600648,00000000
SG01,0001,600649,00000000
SG01,0001,600650,00000000
SG01,0001,600651,00000000
SG01,0001,600652,00000000
SG01,0001,600653,00000000
SG01,0001,600654,00000000
SG01,0001,600655,00000000
SG01,0001,600657,00000000
SG01,0001,600658,00000000
SG01,0001,600660,00000000
SG01,0001,600661,00000000
SG01,0001,600662,00000000
SG01,0001,600663,00000000
SG01,0001,600664,00000000
SG01,0001,600665,00000000
SG01,0001,600666,00000000
SG01,0001,600667,00000000
SG01,0001,600668,00000000
SG01,0001,600671,00000000
SG01,0001,600673,00000000
SG01,0001,600674,00000000
SG01,0001,600675,00000000
SG01,0001,600676,00000000
SG01,0001,600677,00000000
SG01,0001,600678,00000000
SG01,0001,600679,00000000
SG01,0001,600680,00000000
SG01,0001,600681,00000000
SG01,0001,600682,00000000
SG01,0001,600683,00000000
SG01,0001,600684,00000000
SG01,0001,600685,00000000
SG01,0001,600686,00000000
SG01,0001,600687,00000000
SG01,0001,600688,00000000
SG01,0001,600689,00000000
SG01,0001,600690,00000000
SG01,0001,600691,00000000
SG01,0001,600692,00000000
SG01,0001,600693,00000000
SG01,0001,600694,00000000
SG01,0001,600695,00000000
SG01,0001,600696,00000000
SG01,0001,600697,00000000
SG01,0001,600698,00000000
SG01,0001,600699,00000000
SG01,0001,600701,00000000
SG01,0001,600702,00000000
SG01,0001,600703,00000000
SG01,0001,600704,00000000
SG01,0001,600705,00000000
SG01,0001,600706,00000000
SG01,0001,600707,00000000
SG01,0001,600708,00000000
SG01,0001,600710,00000000
SG01,0001,600711,00000000
SG01,0001,600712,00000000
SG01,0001,600713,00000000
SG01,0001,600714,00000000
SG01,0001,600715,00000000
SG01,0001,600716,00000000
SG01,0001,600717,00000000
SG01,0001,600718,00000000
SG01,0001,600719,00000000
SG01,0001,600720,00000000
SG01,0001,600721,00000000
SG01,0001,600722,00000000
SG01,0001,600723,00000000
SG01,0001,600724,00000000
SG01,0001,600725,00000000
SG01,0001,600726,00000000
SG01,0001,600727,00000000
SG01,0001,600728,00000000
SG01,0001,600729,00000000
SG01,0001,600730,00000000
SG01,0001,600731,00000000
SG01,0001,600732,00000000
SG01,0001,600733,00000000
SG01,0001,600734,00000000
SG01,0001,600735,00000000
SG01,0001,600736,00000000
SG01,0001,600737,00000000
SG01,0001,600738,00000000
SG01,0001,600739,00000000
SG01,0001,600740,00000000
SG01,0001,600741,00000000
SG01,0001,600742,00000000
SG01,0001,600743,00000000
SG01,0001,600744,00000000
SG01,0001,600745,00000000
SG01,0001,600746,00000000
SG01,0001,600747,00000000
SG01,0001,600748,00000000
SG01,0001,600749,00000000
SG01,0001,600750,00000000
SG01,0001,600751,00000000
SG01,0001,600753,00000000
SG01,0001,600754,00000000
SG01,0001,600755,00000000
SG01,0001,600756,00000000
SG01,0001,600757,00000000
SG01,0001,600758,00000000
SG01,0001,600759,00000000
SG01,0001,600760,00000000
SG01,0001,600761,00000000
SG01,0001,600763,00000000
SG01,0001,600764,00000000
SG01,0001,600765,00000000
SG01,0001,600766,00000000
SG01,0001,600767,00000000
SG01,0001,600768,00000000
SG01,0001,600769,00000000
SG01,0001,600770,00000000
SG01,0001,600771,00000000
SG01,0001,600773,00000000
SG01,0001,600774,00000000
SG01,0001,600775,00000000
SG01,0001,600776,00000000
SG01,0001,600777,00000000
SG01,0001,600778,00000000
SG01,0001,600779,00000000
SG01,0001,600780,00000000
SG01,0001,600781,00000000
SG01,0001,600782,00000000
SG01,0001,600783,00000000
SG01,0001,600784,00000000
SG01,0001,600785,00000000
SG01,0001,600787,00000000
SG01,0001,600789,00000000
SG01,0001,600790,00000000
SG01,0001,600791,00000000
SG01,0001,600792,00000000
SG01,0001,600793,00000000
SG01,0001,600794,00000000
SG01,0001,600795,00000000
SG01,0001,600796,00000000
SG01,0001,600797,00000000
SG01,0001,600798,00000000
SG01,0001,600800,00000000
SG01,0001,600801,00000000
SG01,0001,600802,00000000
SG01,0001,600803,00000000
SG01,0001,600804,00000000
SG01,0001,600805,00000000
SG01,0001,600806,00000000
SG01,0001,600807,00000000
SG01,0001,600808,00000000
SG01,0001,600809,00000000
SG01,0001,600810,00000000
SG01,0001,600811,00000000
SG01,0001,600812,00000000
SG01,0001,600814,00000000
SG01,0001,600815,00000000
SG01,0001,600816,00000000
SG01,0001,600817,00000000
SG01,0001,600818,00000000
SG01,0001,600819,00000000
SG01,0001,600820,00000000
SG01,0001,600821,00000000
SG01,0001,600822,00000000
SG01,0001,600823,00000000
SG01,0001,600824,00000000
SG01,0001,600825,00000000
SG01,0001,600826,00000000
SG01,0001,600827,00000000
SG01,0001,600828,00000000
SG01,0001,600829,00000000
SG01,0001,600830,00000000
SG01,0001,600831,00000000
SG01,0001,600833,00000000
SG01,0001,600834,00000000
SG01,0001,600835,00000000
SG01,0001,600836,00000000
SG01,0001,600837,00000000
SG01,0001,600838,00000000
SG01,0001,600839,00000000
SG01,0001,600841,00000000
SG01,0001,600843,00000000
SG01,0001,600844,00000000
SG01,0001,600845,00000000
SG01,0001,600846,00000000
SG01,0001,600847,00000000
SG01,0001,600848,00000000
SG01,0001,600850,00000000
SG01,0001,600851,00000000
SG01,0001,600853,00000000
SG01,0001,600854,00000000
SG01,0001,600855,00000000
SG01,0001,600856,00000000
SG01,0001,600857,00000000
SG01,0001,600858,00000000
SG01,0001,600859,00000000
SG01,0001,600860,00000000
SG01,0001,600861,00000000
SG01,0001,600862,00000000
SG01,0001,600863,00000000
SG01,0001,600864,00000000
SG01,0001,600865,00000000
SG01,0001,600866,00000000
SG01,0001,600867,00000000
SG01,0001,600868,00000000
SG01,0001,600869,00000000
SG01,0001,600870,00000000
SG01,0001,600871,00000000
SG01,0001,600872,00000000
SG01,0001,600873,00000000
SG01,0001,600874,00000000
SG01,0001,600875,00000000
SG01,0001,600876,00000000
SG01,0001,600877,00000000
SG01,0001,600879,00000000
SG01,0001,600880,00000000
SG01,0001,600881,00000000
SG01,0001,600882,00000000
SG01,0001,600883,00000000
SG01,0001,600884,00000000
SG01,0001,600885,00000000
SG01,0001,600886,00000000
SG01,0001,600887,00000000
SG01,0001,600888,00000000
SG01,0001,600889,00000000
SG01,0001,600890,00000000
SG01,0001,600891,00000000
SG01,0001,600892,00000000
SG01,0001,600893,00000000
SG01,0001,600894,00000000
SG01,0001,600895,00000000
SG01,0001,600896,00000000
SG01,0001,600897,00000000
SG01,0001,600898,00000000
SG01,0001,600900,00000000
SG01,0001,600903,00000000
SG01,0001,600908,00000000
SG01,0001,600909,00000000
SG01,0001,600917,00000000
SG01,0001,600919,00000000
SG01,0001,600926,00000000
SG01,0001,600933,00000000
SG01,0001,600936,00000000
SG01,0001,600939,00000000
SG01,0001,600958,00000000
SG01,0001,600959,00000000
SG01,0001,600960,00000000
SG01,0001,600961,00000000
SG01,0001,600962,00000000
SG01,0001,600963,00000000
SG01,0001,600965,00000000
SG01,0001,600966,00000000
SG01,0001,600967,00000000
SG01,0001,600969,00000000
SG01,0001,600970,00000000
SG01,0001,600971,00000000
SG01,0001,600973,00000000
SG01,0001,600975,00000000
SG01,0001,600976,00000000
SG01,0001,600977,00000000
SG01,0001,600978,00000000
SG01,0001,600979,00000000
SG01,0001,600980,00000000
SG01,0001,600981,00000000
SG01,0001,600982,00000000
SG01,0001,600983,00000000
SG01,0001,600984,00000000
SG01,0001,600985,00000000
SG01,0001,600986,00000000
SG01,0001,600987,00000000
SG01,0001,600988,00000000
SG01,0001,600990,00000000
SG01,0001,600992,00000000
SG01,0001,600993,00000000
SG01,0001,600995,00000000
SG01,0001,600996,00000000
SG01,0001,600997,00000000
SG01,0001,600998,00000000
SG01,0001,600999,00000000
SG01,0001,601000,00000000
SG01,0001,601001,00000000
SG01,0001,601002,00000000
SG01,0001,601003,00000000
SG01,0001,601005,00000000
SG01,0001,601006,00000000
SG01,0001,601007,00000000
SG01,0001,601008,00000000
SG01,0001,601009,00000000
SG01,0001,601010,00000000
SG01,0001,601011,00000000
SG01,0001,601012,00000000
SG01,0001,601015,00000000
SG01,0001,601016,00000000
SG01,0001,601018,00000000
SG01,0001,601019,00000000
SG01,0001,601020,00000000
SG01,0001,601021,00000000
SG01,0001,601028,00000000
SG01,0001,601038,00000000
SG01,0001,601058,00000000
SG01,0001,601069,00000000
SG01,0001,601086,00000000
SG01,0001,601088,00000000
SG01,0001,601098,00000000
SG01,0001,601099,00000000
SG01,0001,601100,00000000
SG01,0001,601101,00000000
SG01,0001,601106,00000000
SG01,0001,601107,00000000
SG01,0001,601108,00000000
SG01,0001,601111,00000000
SG01,0001,601113,00000000
SG01,0001,601116,00000000
SG01,0001,601117,00000000
SG01,0001,601118,00000000
SG01,0001,601126,00000000
SG01,0001,601127,00000000
SG01,0001,601128,00000000
SG01,0001,601137,00000000
SG01,0001,601139,00000000
SG01,0001,601155,00000000
SG01,0001,601158,00000000
SG01,0001,601163,00000000
SG01,0001,601166,00000000
SG01,0001,601168,00000000
SG01,0001,601169,00000000
SG01,0001,601177,00000000
SG01,0001,601179,00000000
SG01,0001,601186,00000000
SG01,0001,601188,00000000
SG01,0001,601198,00000000
SG01,0001,601199,00000000
SG01,0001,601200,00000000
SG01,0001,601206,00000000
SG01,0001,601208,00000000
SG01,0001,601211,00000000
SG01,0001,601212,00000000
SG01,0001,601216,00000000
SG01,0001,601218,00000000
SG01,0001,601222,00000000
SG01,0001,601225,00000000
SG01,0001,601226,00000000
SG01,0001,601228,00000000
SG01,0001,601229,00000000
SG01,0001,601231,00000000
SG01,0001,601233,00000000
SG01,0001,601238,00000000
SG01,0001,601258,00000000
SG01,0001,601288,00000000
SG01,0001,601311,00000000
SG01,0001,601313,00000000
SG01,0001,601318,00000000
SG01,0001,601326,00000000
SG01,0001,601328,00000000
SG01,0001,601333,00000000
SG01,0001,601336,00000000
SG01,0001,601339,00000000
SG01,0001,601366,00000000
SG01,0001,601368,00000000
SG01,0001,601369,00000000
SG01,0001,601375,00000000
SG01,0001,601377,00000000
SG01,0001,601388,00000000
SG01,0001,601390,00000000
SG01,0001,601398,00000000
SG01,0001,601500,00000000
SG01,0001,601515,00000000
SG01,0001,601518,00000000
SG01,0001,601519,00000000
SG01,0001,601555,00000000
SG01,0001,601558,00000000
SG01,0001,601566,00000000
SG01,0001,601567,00000000
SG01,0001,601579,00000000
SG01,0001,601588,00000000
SG01,0001,601595,00000000
SG01,0001,601599,00000000
SG01,0001,601600,00000000
SG01,0001,601601,00000000
SG01,0001,601607,00000000
SG01,0001,601608,00000000
SG01,0001,601611,00000000
SG01,0001,601616,00000000
SG01,0001,601618,00000000
SG01,0001,601619,00000000
SG01,0001,601628,00000000
SG01,0001,601633,00000000
SG01,0001,601636,00000000
SG01,0001,601666,00000000
SG01,0001,601668,00000000
SG01,0001,601669,00000000
SG01,0001,601677,00000000
SG01,0001,601678,00000000
SG01,0001,601688,00000000
SG01,0001,601689,00000000
SG01,0001,601699,00000000
SG01,0001,601700,00000000
SG01,0001,601717,00000000
SG01,0001,601718,00000000
SG01,0001,601727,00000000
SG01,0001,601766,00000000
SG01,0001,601777,00000000
SG01,0001,601788,00000000
SG01,0001,601789,00000000
SG01,0001,601798,00000000
SG01,0001,601799,00000000
SG01,0001,601800,00000000
SG01,0001,601801,00000000
SG01,0001,601808,00000000
SG01,0001,601811,00000000
SG01,0001,601818,00000000
SG01,0001,601828,00000000
SG01,0001,601838,00000000
SG01,0001,601857,00000000
SG01,0001,601858,00000000
SG01,0001,601866,00000000
SG01,0001,601872,00000000
SG01,0001,601877,00000000
SG01,0001,601878,00000000
SG01,0001,601880,00000000
SG01,0001,601881,00000000
SG01,0001,601882,00000000
SG01,0001,601886,00000000
SG01,0001,601888,00000000
SG01,0001,601890,00000000
SG01,0001,601898,00000000
SG01,0001,601899,00000000
SG01,0001,601900,00000000
SG01,0001,601901,00000000
SG01,0001,601908,00000000
SG01,0001,601918,00000000
SG01,0001,601919,00000000
SG01,0001,601928,00000000
SG01,0001,601929,00000000
SG01,0001,601933,00000000
SG01,0001,601939,00000000
SG01,0001,601949,00000000
SG01,0001,601952,00000000
SG01,0001,601958,00000000
SG01,0001,601965,00000000
SG01,0001,601966,00000000
SG01,0001,601968,00000000
SG01,0001,601969,00000000
SG01,0001,601985,00000000
SG01,0001,601988,00000000
SG01,0001,601989,00000000
SG01,0001,601991,00000000
SG01,0001,601992,00000000
SG01,0001,601996,00000000
SG01,0001,601997,00000000
SG01,0001,601998,00000000
SG01,0001,601999,00000000
SG01,0001,603000,00000000
SG01,0001,603001,00000000
SG01,0001,603002,00000000
SG01,0001,603003,00000000
SG01,0001,603005,00000000
SG01,0001,603006,00000000
SG01,0001,603007,00000000
SG01,0001,603008,00000000
SG01,0001,603009,00000000
SG01,0001,603010,00000000
SG01,0001,603011,00000000
SG01,0001,603012,00000000
SG01,0001,603015,00000000
SG01,0001,603016,00000000
SG01,0001,603017,00000000
SG01,0001,603018,00000000
SG01,0001,603019,00000000
SG01,0001,603020,00000000
SG01,0001,603021,00000000
SG01,0001,603022,00000000
SG01,0001,603023,00000000
SG01,0001,603025,00000000
SG01,0001,603026,00000000
SG01,0001,603027,00000000
SG01,0001,603028,00000000
SG01,0001,603029,00000000
SG01,0001,603030,00000000
SG01,0001,603031,00000000
SG01,0001,603032,00000000
SG01,0001,603033,00000000
SG01,0001,603035,00000000
SG01,0001,603036,00000000
SG01,0001,603037,00000000
SG01,0001,603038,00000000
SG01,0001,603039,00000000
SG01,0001,603040,00000000
SG01,0001,603041,00000000
SG01,0001,603042,00000000
SG01,0001,603043,00000000
SG01,0001,603050,00000000
SG01,0001,603055,00000000
SG01,0001,603056,00000000
SG01,0001,603058,00000000
SG01,0001,603060,00000000
SG01,0001,603063,00000000
SG01,0001,603066,00000000
SG01,0001,603067,00000000
SG01,0001,603069,00000000
SG01,0001,603076,00000000
SG01,0001,603077,00000000
SG01,0001,603078,00000000
SG01,0001,603079,00000000
SG01,0001,603080,00000000
SG01,0001,603081,00000000
SG01,0001,603083,00000000
SG01,0001,603085,00000000
SG01,0001,603086,00000000
SG01,0001,603088,00000000
SG01,0001,603089,00000000
SG01,0001,603090,00000000
SG01,0001,603096,00000000
SG01,0001,603098,00000000
SG01,0001,603099,00000000
SG01,0001,603100,00000000
SG01,0001,603101,00000000
SG01,0001,603103,00000000
SG01,0001,603106,00000000
SG01,0001,603108,00000000
SG01,0001,603110,00000000
SG01,0001,603111,00000000
SG01,0001,603113,00000000
SG01,0001,603116,00000000
SG01,0001,603117,00000000
SG01,0001,603118,00000000
SG01,0001,603123,00000000
SG01,0001,603126,00000000
SG01,0001,603127,00000000
SG01,0001,603128,00000000
SG01,0001,603129,00000000
SG01,0001,603131,00000000
SG01,0001,603133,00000000
SG01,0001,603136,00000000
SG01,0001,603138,00000000
SG01,0001,603139,00000000
SG01,0001,603157,00000000
SG01,0001,603158,00000000
SG01,0001,603159,00000000
SG01,0001,603160,00000000
SG01,0001,603161,00000000
SG01,0001,603165,00000000
SG01,0001,603166,00000000
SG01,0001,603167,00000000
SG01,0001,603168,00000000
SG01,0001,603169,00000000
SG01,0001,603177,00000000
SG01,0001,603178,00000000
SG01,0001,603179,00000000
SG01,0001,603180,00000000
SG01,0001,603181,00000000
SG01,0001,603183,00000000
SG01,0001,603186,00000000
SG01,0001,603188,00000000
SG01,0001,603189,00000000
SG01,0001,603196,00000000
SG01,0001,603197,00000000
SG01,0001,603198,00000000
SG01,0001,603199,00000000
SG01,0001,603200,00000000
SG01,0001,603203,00000000
SG01,0001,603208,00000000
SG01,0001,603218,00000000
SG01,0001,603222,00000000
SG01,0001,603223,00000000
SG01,0001,603225,00000000
SG01,0001,603226,00000000
SG01,0001,603227,00000000
SG01,0001,603228,00000000
SG01,0001,603229,00000000
SG01,0001,603232,00000000
SG01,0001,603233,00000000
SG01,0001,603238,00000000
SG01,0001,603239,00000000
SG01,0001,603258,00000000
SG01,0001,603260,00000000
SG01,0001,603266,00000000
SG01,0001,603268,00000000
SG01,0001,603269,00000000
SG01,0001,603277,00000000
SG01,0001,603278,00000000
SG01,0001,603283,00000000
SG01,0001,603286,00000000
SG01,0001,603288,00000000
SG01,0001,603289,00000000
SG01,0001,603298,00000000
SG01,0001,603299,00000000
SG01,0001,603300,00000000
SG01,0001,603302,00000000
SG01,0001,603303,00000000
SG01,0001,603305,00000000
SG01,0001,603306,00000000
SG01,0001,603308,00000000
SG01,0001,603309,00000000
SG01,0001,603311,00000000
SG01,0001,603313,00000000
SG01,0001,603315,00000000
SG01,0001,603316,00000000
SG01,0001,603318,00000000
SG01,0001,603319,00000000
SG01,0001,603320,00000000
SG01,0001,603321,00000000
SG01,0001,603322,00000000
SG01,0001,603323,00000000
SG01,0001,603326,00000000
SG01,0001,603328,00000000
SG01,0001,603329,00000000
SG01,0001,603330,00000000
SG01,0001,603331,00000000
SG01,0001,603333,00000000
SG01,0001,603335,00000000
SG01,0001,603336,00000000
SG01,0001,603337,00000000
SG01,0001,603338,00000000
SG01,0001,603339,00000000
SG01,0001,603345,00000000
SG01,0001,603355,00000000
SG01,0001,603357,00000000
SG01,0001,603358,00000000
SG01,0001,603359,00000000
SG01,0001,603360,00000000
SG01,0001,603363,00000000
SG01,0001,603365,00000000
SG01,0001,603366,00000000
SG01,0001,603367,00000000
SG01,0001,603368,00000000
SG01,0001,603369,00000000
SG01,0001,603377,00000000
SG01,0001,603378,00000000
SG01,0001,603380,00000000
SG01,0001,603383,00000000
SG01,0001,603385,00000000
SG01,0001,603386,00000000
SG01,0001,603387,00000000
SG01,0001,603388,00000000
SG01,0001,603389,00000000
SG01,0001,603393,00000000
SG01,0001,603396,00000000
SG01,0001,603398,00000000
SG01,0001,603399,00000000
SG01,0001,603416,00000000
SG01,0001,603421,00000000
SG01,0001,603429,00000000
SG01,0001,603444,00000000
SG01,0001,603456,00000000
SG01,0001,603458,00000000
SG01,0001,603466,00000000
SG01,0001,603477,00000000
SG01,0001,603488,00000000
SG01,0001,603496,00000000
SG01,0001,603499,00000000
SG01,0001,603500,00000000
SG01,0001,603501,00000000
SG01,0001,603505,00000000
SG01,0001,603507,00000000
SG01,0001,603508,00000000
SG01,0001,603515,00000000
SG01,0001,603517,00000000
SG01,0001,603518,00000000
SG01,0001,603519,00000000
SG01,0001,603520,00000000
SG01,0001,603527,00000000
SG01,0001,603528,00000000
SG01,0001,603533,00000000
SG01,0001,603535,00000000
SG01,0001,603536,00000000
SG01,0001,603538,00000000
SG01,0001,603555,00000000
SG01,0001,603556,00000000
SG01,0001,603557,00000000
SG01,0001,603558,00000000
SG01,0001,603559,00000000
SG01,0001,603566,00000000
SG01,0001,603567,00000000
SG01,0001,603568,00000000
SG01,0001,603569,00000000
SG01,0001,603577,00000000
SG01,0001,603578,00000000
SG01,0001,603579,00000000
SG01,0001,603580,00000000
SG01,0001,603585,00000000
SG01,0001,603586,00000000
SG01,0001,603587,00000000
SG01,0001,603588,00000000
SG01,0001,603589,00000000
SG01,0001,603595,00000000
SG01,0001,603598,00000000
SG01,0001,603599,00000000
SG01,0001,603600,00000000
SG01,0001,603601,00000000
SG01,0001,603602,00000000
SG01,0001,603603,00000000
SG01,0001,603605,00000000
SG01,0001,603606,00000000
SG01,0001,603607,00000000
SG01,0001,603608,00000000
SG01,0001,603609,00000000
SG01,0001,603611,00000000
SG01,0001,603612,00000000
SG01,0001,603615,00000000
SG01,0001,603616,00000000
SG01,0001,603617,00000000
SG01,0001,603618,00000000
SG01,0001,603619,00000000
SG01,0001,603626,00000000
SG01,0001,603628,00000000
SG01,0001,603630,00000000
SG01,0001,603633,00000000
SG01,0001,603636,00000000
SG01,0001,603637,00000000
SG01,0001,603638,00000000
SG01,0001,603639,00000000
SG01,0001,603648,00000000
SG01,0001,603655,00000000
SG01,0001,603656,00000000
SG01,0001,603658,00000000
SG01,0001,603659,00000000
SG01,0001,603660,00000000
SG01,0001,603661,00000000
SG01,0001,603663,00000000
SG01,0001,603665,00000000
SG01,0001,603667,00000000
SG01,0001,603668,00000000
SG01,0001,603669,00000000
SG01,0001,603676,00000000
SG01,0001,603677,00000000
SG01,0001,603678,00000000
SG01,0001,603679,00000000
SG01,0001,603680,00000000
SG01,0001,603683,00000000
SG01,0001,603685,00000000
SG01,0001,603686,00000000
SG01,0001,603688,00000000
SG01,0001,603689,00000000
SG01,0001,603690,00000000
SG01,0001,603696,00000000
SG01,0001,603698,00000000
SG01,0001,603699,00000000
SG01,0001,603701,00000000
SG01,0001,603703,00000000
SG01,0001,603707,00000000
SG01,0001,603708,00000000
SG01,0001,603711,00000000
SG01,0001,603716,00000000
SG01,0001,603717,00000000
SG01,0001,603718,00000000
SG01,0001,603721,00000000
SG01,0001,603722,00000000
SG01,0001,603725,00000000
SG01,0001,603726,00000000
SG01,0001,603727,00000000
SG01,0001,603728,00000000
SG01,0001,603729,00000000
SG01,0001,603730,00000000
SG01,0001,603737,00000000
SG01,0001,603738,00000000
SG01,0001,603757,00000000
SG01,0001,603758,00000000
SG01,0001,603766,00000000
SG01,0001,603767,00000000
SG01,0001,603768,00000000
SG01,0001,603776,00000000
SG01,0001,603777,00000000
SG01,0001,603778,00000000
SG01,0001,603779,00000000
SG01,0001,603787,00000000
SG01,0001,603788,00000000
SG01,0001,603789,00000000
SG01,0001,603797,00000000
SG01,0001,603798,00000000
SG01,0001,603799,00000000
SG01,0001,603800,00000000
SG01,0001,603801,00000000
SG01,0001,603803,00000000
SG01,0001,603806,00000000
SG01,0001,603808,00000000
SG01,0001,603809,00000000
SG01,0001,603811,00000000
SG01,0001,603813,00000000
SG01,0001,603816,00000000
SG01,0001,603817,00000000
SG01,0001,603818,00000000
SG01,0001,603819,00000000
SG01,0001,603822,00000000
SG01,0001,603823,00000000
SG01,0001,603825,00000000
SG01,0001,603826,00000000
SG01,0001,603828,00000000
SG01,0001,603829,00000000
SG01,0001,603833,00000000
SG01,0001,603838,00000000
SG01,0001,603839,00000000
SG01,0001,603843,00000000
SG01,0001,603848,00000000
SG01,0001,603855,00000000
SG01,0001,603856,00000000
SG01,0001,603858,00000000
SG01,0001,603859,00000000
SG01,0001,603860,00000000
SG01,0001,603861,00000000
SG01,0001,603866,00000000
SG01,0001,603868,00000000
SG01,0001,603869,00000000
SG01,0001,603877,00000000
SG01,0001,603878,00000000
SG01,0001,603879,00000000
SG01,0001,603880,00000000
SG01,0001,603881,00000000
SG01,0001,603882,00000000
SG01,0001,603883,00000000
SG01,0001,603885,00000000
SG01,0001,603886,00000000
SG01,0001,603887,00000000
SG01,0001,603888,00000000
SG01,0001,603889,00000000
SG01,0001,603890,00000000
SG01,0001,603896,00000000
SG01,0001,603898,00000000
SG01,0001,603899,00000000
SG01,0001,603900,00000000
SG01,0001,603901,00000000
SG01,0001,603903,00000000
SG01,0001,603906,00000000
SG01,0001,603908,00000000
SG01,0001,603909,00000000
SG01,0001,603912,00000000
SG01,0001,603916,00000000
SG01,0001,603917,00000000
SG01,0001,603918,00000000
SG01,0001,603919,00000000
SG01,0001,603920,00000000
SG01,0001,603922,00000000
SG01,0001,603926,00000000
SG01,0001,603928,00000000
SG01,0001,603929,00000000
SG01,0001,603933,00000000
SG01,0001,603936,00000000
SG01,0001,603937,00000000
SG01,0001,603938,00000000
SG01,0001,603939,00000000
SG01,0001,603955,00000000
SG01,0001,603958,00000000
SG01,0001,603959,00000000
SG01,0001,603960,00000000
SG01,0001,603963,00000000
SG01,0001,603966,00000000
SG01,0001,603968,00000000
SG01,0001,603969,00000000
SG01,0001,603970,00000000
SG01,0001,603976,00000000
SG01,0001,603977,00000000
SG01,0001,603978,00000000
SG01,0001,603979,00000000
SG01,0001,603980,00000000
SG01,0001,603985,00000000
SG01,0001,603986,00000000
SG01,0001,603987,00000000
SG01,0001,603988,00000000
SG01,0001,603989,00000000
SG01,0001,603990,00000000
SG01,0001,603991,00000000
SG01,0001,603993,00000000
SG01,0001,603996,00000000
SG01,0001,603997,00000000
SG01,0001,603998,00000000
SG01,0001,603999,00000000
SG02,0002,000001,00000000
SG02,0002,000002,00000000
SG02,0002,000004,00000000
SG02,0002,000005,00000000
SG02,0002,000006,00000000
SG02,0002,000007,00000000
SG02,0002,000008,00000000
SG02,0002,000009,00000000
SG02,0002,000010,00000000
SG02,0002,000011,00000000
SG02,0002,000012,00000000
SG02,0002,000014,00000000
SG02,0002,000016,00000000
SG02,0002,000017,00000000
SG02,0002,000018,00000000
SG02,0002,000019,00000000
SG02,0002,000020,00000000
SG02,0002,000021,00000000
SG02,0002,000022,00000000
SG02,0002,000023,00000000
SG02,0002,000025,00000000
SG02,0002,000026,00000000
SG02,0002,000027,00000000
SG02,0002,000028,00000000
SG02,0002,000029,00000000
SG02,0002,000030,00000000
SG02,0002,000031,00000000
SG02,0002,000032,00000000
SG02,0002,000034,00000000
SG02,0002,000035,00000000
SG02,0002,000036,00000000
SG02,0002,000037,00000000
SG02,0002,000038,00000000
SG02,0002,000039,00000000
SG02,0002,000040,00000000
SG02,0002,000042,00000000
SG02,0002,000043,00000000
SG02,0002,000045,00000000
SG02,0002,000046,00000000
SG02,0002,000048,00000000
SG02,0002,000049,00000000
SG02,0002,000050,00000000
SG02,0002,000055,00000000
SG02,0002,000056,00000000
SG02,0002,000058,00000000
SG02,0002,000059,00000000
SG02,0002,000060,00000000
SG02,0002,000061,00000000
SG02,0002,000062,00000000
SG02,0002,000063,00000000
SG02,0002,000065,00000000
SG02,0002,000066,00000000
SG02,0002,000068,00000000
SG02,0002,000069,00000000
SG02,0002,000070,00000000
SG02,0002,000078,00000000
SG02,0002,000088,00000000
SG02,0002,000089,00000000
SG02,0002,000090,00000000
SG02,0002,000096,00000000
SG02,0002,000099,00000000
SG02,0002,000100,00000000
SG02,0002,000150,00000000
SG02,0002,000151,00000000
SG02,0002,000153,00000000
SG02,0002,000155,00000000
SG02,0002,000156,00000000
SG02,0002,000157,00000000
SG02,0002,000158,00000000
SG02,0002,000159,00000000
SG02,0002,000166,00000000
SG02,0002,000301,00000000
SG02,0002,000333,00000000
SG02,0002,000338,00000000
SG02,0002,000400,00000000
SG02,0002,000401,00000000
SG02,0002,000402,00000000
SG02,0002,000403,00000000
SG02,0002,000404,00000000
SG02,0002,000407,00000000
SG02,0002,000408,00000000
SG02,0002,000409,00000000
SG02,0002,000410,00000000
SG02,0002,000411,00000000
SG02,0002,000413,00000000
SG02,0002,000415,00000000
SG02,0002,000416,00000000
SG02,0002,000417,00000000
SG02,0002,000418,00000000
SG02,0002,000419,00000000
SG02,0002,000420,00000000
SG02,0002,000421,00000000
SG02,0002,000422,00000000
SG02,0002,000423,00000000
SG02,0002,000425,00000000
SG02,0002,000426,00000000
SG02,0002,000428,00000000
SG02,0002,000429,00000000
SG02,0002,000430,00000000
SG02,0002,000488,00000000
SG02,0002,000498,00000000
SG02,0002,000501,00000000
SG02,0002,000502,00000000
SG02,0002,000503,00000000
SG02,0002,000504,00000000
SG02,0002,000505,00000000
SG02,0002,000506,00000000
SG02,0002,000507,00000000
SG02,0002,000509,00000000
SG02,0002,000510,00000000
SG02,0002,000511,00000000
SG02,0002,000513,00000000
SG02,0002,000514,00000000
SG02,0002,000516,00000000
SG02,0002,000517,00000000
SG02,0002,000518,00000000
SG02,0002,000519,00000000
SG02,0002,000520,00000000
SG02,0002,000521,00000000
SG02,0002,000523,00000000
SG02,0002,000524,00000000
SG02,0002,000525,00000000
SG02,0002,000526,00000000
SG02,0002,000528,00000000
SG02,0002,000529,00000000
SG02,0002,000530,00000000
SG02,0002,000531,00000000
SG02,0002,000532,00000000
SG02,0002,000533,00000000
SG02,0002,000534,00000000
SG02,0002,000536,00000000
SG02,0002,000537,00000000
SG02,0002,000538,00000000
SG02,0002,000539,00000000
SG02,0002,000540,00000000
SG02,0002,000541,00000000
SG02,0002,000543,00000000
SG02,0002,000544,00000000
SG02,0002,000545,00000000
SG02,0002,000546,00000000
SG02,0002,000547,00000000
SG02,0002,000548,00000000
SG02,0002,000550,00000000
SG02,0002,000551,00000000
SG02,0002,000552,00000000
SG02,0002,000553,00000000
SG02,0002,000554,00000000
SG02,0002,000555,00000000
SG02,0002,000557,00000000
SG02,0002,000558,00000000
SG02,0002,000559,00000000
SG02,0002,000560,00000000
SG02,0002,000561,00000000
SG02,0002,000563,00000000
SG02,0002,000564,00000000
SG02,0002,000565,00000000
SG02,0002,000566,00000000
SG02,0002,000567,00000000
SG02,0002,000568,00000000
SG02,0002,000570,00000000
SG02,0002,000571,00000000
SG02,0002,000572,00000000
SG02,0002,000573,00000000
SG02,0002,000576,00000000
SG02,0002,000581,00000000
SG02,0002,000582,00000000
SG02,0002,000584,00000000
SG02,0002,000585,00000000
SG02,0002,000586,00000000
SG02,0002,000587,00000000
SG02,0002,000589,00000000
SG02,0002,000590,00000000
SG02,0002,000591,00000000
SG02,0002,000592,00000000
SG02,0002,000593,00000000
SG02,0002,000595,00000000
SG02,0002,000596,00000000
SG02,0002,000597,00000000
SG02,0002,000598,00000000
SG02,0002,000599,00000000
SG02,0002,000600,00000000
SG02,0002,000601,00000000
SG02,0002,000603,00000000
SG02,0002,000605,00000000
SG02,0002,000606,00000000
SG02,0002,000607,00000000
SG02,0002,000608,00000000
SG02,0002,000609,00000000
SG02,0002,000610,00000000
SG02,0002,000611,00000000
SG02,0002,000612,00000000
SG02,0002,000613,00000000
SG02,0002,000615,00000000
SG02,0002,000616,00000000
SG02,0002,000617,00000000
SG02,0002,000619,00000000
SG02,0002,000620,00000000
SG02,0002,000622,00000000
SG02,0002,000623,00000000
SG02,0002,000625,00000000
SG02,0002,000626,00000000
SG02,0002,000627,00000000
SG02,0002,000628,00000000
SG02,0002,000629,00000000
SG02,0002,000630,00000000
SG02,0002,000631,00000000
SG02,0002,000632,00000000
SG02,0002,000633,00000000
SG02,0002,000635,00000000
SG02,0002,000636,00000000
SG02,0002,000637,00000000
SG02,0002,000638,00000000
SG02,0002,000639,00000000
SG02,0002,000650,00000000
SG02,0002,000651,00000000
SG02,0002,000652,00000000
SG02,0002,000655,00000000
SG02,0002,000656,00000000
SG02,0002,000657,00000000
SG02,0002,000659,00000000
SG02,0002,000661,00000000
SG02,0002,000662,00000000
SG02,0002,000663,00000000
SG02,0002,000665,00000000
SG02,0002,000666,00000000
SG02,0002,000667,00000000
SG02,0002,000668,00000000
SG02,0002,000669,00000000
SG02,0002,000670,00000000
SG02,0002,000671,00000000
SG02,0002,000672,00000000
SG02,0002,000673,00000000
SG02,0002,000676,00000000
SG02,0002,000677,00000000
SG02,0002,000678,00000000
SG02,0002,000679,00000000
SG02,0002,000680,00000000
SG02,0002,000681,00000000
SG02,0002,000682,00000000
SG02,0002,000683,00000000
SG02,0002,000685,00000000
SG02,0002,000686,00000000
SG02,0002,000687,00000000
SG02,0002,000688,00000000
SG02,0002,000690,00000000
SG02,0002,000691,00000000
SG02,0002,000692,00000000
SG02,0002,000693,00000000
SG02,0002,000695,00000000
SG02,0002,000697,00000000
SG02,0002,000698,00000000
SG02,0002,000700,00000000
SG02,0002,000701,00000000
SG02,0002,000702,00000000
SG02,0002,000703,00000000
SG02,0002,000705,00000000
SG02,0002,000707,00000000
SG02,0002,000708,00000000
SG02,0002,000709,00000000
SG02,0002,000710,00000000
SG02,0002,000711,00000000
SG02,0002,000712,00000000
SG02,0002,000713,00000000
SG02,0002,000715,00000000
SG02,0002,000716,00000000
SG02,0002,000717,00000000
SG02,0002,000718,00000000
SG02,0002,000719,00000000
SG02,0002,000720,00000000
SG02,0002,000721,00000000
SG02,0002,000722,00000000
SG02,0002,000723,00000000
SG02,0002,000725,00000000
SG02,0002,000726,00000000
SG02,0002,000727,00000000
SG02,0002,000728,00000000
SG02,0002,000729,00000000
SG02,0002,000731,00000000
SG02,0002,000732,00000000
SG02,0002,000733,00000000
SG02,0002,000735,00000000
SG02,0002,000736,00000000
SG02,0002,000737,00000000
SG02,0002,000738,00000000
SG02,0002,000739,00000000
SG02,0002,000750,00000000
SG02,0002,000751,00000000
SG02,0002,000752,00000000
SG02,0002,000753,00000000
SG02,0002,000755,00000000
SG02,0002,000756,00000000
SG02,0002,000757,00000000
SG02,0002,000758,00000000
SG02,0002,000759,00000000
SG02,0002,000760,00000000
SG02,0002,000761,00000000
SG02,0002,000762,00000000
SG02,0002,000766,00000000
SG02,0002,000767,00000000
SG02,0002,000768,00000000
SG02,0002,000776,00000000
SG02,0002,000777,00000000
SG02,0002,000778,00000000
SG02,0002,000779,00000000
SG02,0002,000780,00000000
SG02,0002,000782,00000000
SG02,0002,000783,00000000
SG02,0002,000785,00000000
SG02,0002,000786,00000000
SG02,0002,000788,00000000
SG02,0002,000789,00000000
SG02,0002,000790,00000000
SG02,0002,000791,00000000
SG02,0002,000792,00000000
SG02,0002,000793,00000000
SG02,0002,000795,00000000
SG02,0002,000796,00000000
SG02,0002,000797,00000000
SG02,0002,000798,00000000
SG02,0002,000799,00000000
SG02,0002,000800,00000000
SG02,0002,000801,00000000
SG02,0002,000802,00000000
SG02,0002,000803,00000000
SG02,0002,000806,00000000
SG02,0002,000807,00000000
SG02,0002,000809,00000000
SG02,0002,000810,00000000
SG02,0002,000811,00000000
SG02,0002,000812,00000000
SG02,0002,000813,00000000
SG02,0002,000815,00000000
SG02,0002,000816,00000000
SG02,0002,000818,00000000
SG02,0002,000819,00000000
SG02,0002,000820,00000000
SG02,0002,000821,00000000
SG02,0002,000822,00000000
SG02,0002,000823,00000000
SG02,0002,000825,00000000
SG02,0002,000826,00000000
SG02,0002,000828,00000000
SG02,0002,000829,00000000
SG02,0002,000830,00000000
SG02,0002,000831,00000000
SG02,0002,000833,00000000
SG02,0002,000835,00000000
SG02,0002,000836,00000000
SG02,0002,000837,00000000
SG02,0002,000838,00000000
SG02,0002,000839,00000000
SG02,0002,000848,00000000
SG02,0002,000850,00000000
SG02,0002,000851,00000000
SG02,0002,000852,00000000
SG02,0002,000856,00000000
SG02,0002,000858,00000000
SG02,0002,000859,00000000
SG02,0002,000860,00000000
SG02,0002,000861,00000000
SG02,0002,000862,00000000
SG02,0002,000863,00000000
SG02,0002,000868,00000000
SG02,0002,000869,00000000
SG02,0002,000875,00000000
SG02,0002,000876,00000000
SG02,0002,000877,00000000
SG02,0002,000878,00000000
SG02,0002,000880,00000000
SG02,0002,000881,00000000
SG02,0002,000882,00000000
SG02,0002,000883,00000000
SG02,0002,000885,00000000
SG02,0002,000886,00000000
SG02,0002,000887,00000000
SG02,0002,000888,00000000
SG02,0002,000889,00000000
SG02,0002,000890,00000000
SG02,0002,000892,00000000
SG02,0002,000893,00000000
SG02,0002,000895,00000000
SG02,0002,000897,00000000
SG02,0002,000898,00000000
SG02,0002,000899,00000000
SG02,0002,000900,00000000
SG02,0002,000901,00000000
SG02,0002,000902,00000000
SG02,0002,000903,00000000
SG02,0002,000905,00000000
SG02,0002,000906,00000000
SG02,0002,000908,00000000
SG02,0002,000909,00000000
SG02,0002,000910,00000000
SG02,0002,000911,00000000
SG02,0002,000912,00000000
SG02,0002,000913,00000000
SG02,0002,000915,00000000
SG02,0002,000917,00000000
SG02,0002,000918,00000000
SG02,0002,000919,00000000
SG02,0002,000920,00000000
SG02,0002,000921,00000000
SG02,0002,000922,00000000
SG02,0002,000923,00000000
SG02,0002,000925,00000000
SG02,0002,000926,00000000
SG02,0002,000927,00000000
SG02,0002,000928,00000000
SG02,0002,000929,00000000
SG02,0002,000930,00000000
SG02,0002,000931,00000000
SG02,0002,000932,00000000
SG02,0002,000933,00000000
SG02,0002,000935,00000000
SG02,0002,000936,00000000
SG02,0002,000937,00000000
SG02,0002,000938,00000000
SG02,0002,000939,00000000
SG02,0002,000948,00000000
SG02,0002,000949,00000000
SG02,0002,000950,00000000
SG02,0002,000951,00000000
SG02,0002,000952,00000000
SG02,0002,000953,00000000
SG02,0002,000955,00000000
SG02,0002,000957,00000000
SG02,0002,000958,00000000
SG02,0002,000959,00000000
SG02,0002,000960,00000000
SG02,0002,000961,00000000
SG02,0002,000962,00000000
SG02,0002,000963,00000000
SG02,0002,000965,00000000
SG02,0002,000966,00000000
SG02,0002,000967,00000000
SG02,0002,000968,00000000
SG02,0002,000969,00000000
SG02,0002,000970,00000000
SG02,0002,000971,00000000
SG02,0002,000972,00000000
SG02,0002,000973,00000000
SG02,0002,000975,00000000
SG02,0002,000976,00000000
SG02,0002,000977,00000000
SG02,0002,000978,00000000
SG02,0002,000979,00000000
SG02,0002,000980,00000000
SG02,0002,000981,00000000
SG02,0002,000982,00000000
SG02,0002,000983,00000000
SG02,0002,000985,00000000
SG02,0002,000987,00000000
SG02,0002,000988,00000000
SG02,0002,000989,00000000
SG02,0002,000990,00000000
SG02,0002,000993,00000000
SG02,0002,000995,00000000
SG02,0002,000996,00000000
SG02,0002,000997,00000000
SG02,0002,000998,00000000
SG02,0002,000999,00000000
SG02,0002,001696,00000000
SG02,0002,001896,00000000
SG02,0002,001965,00000000
SG02,0002,001979,00000000
SG02,0002,002001,00000000
SG02,0002,002002,00000000
SG02,0002,002003,00000000
SG02,0002,002004,00000000
SG02,0002,002005,00000000
SG02,0002,002006,00000000
SG02,0002,002007,00000000
SG02,0002,002008,00000000
SG02,0002,002009,00000000
SG02,0002,002010,00000000
SG02,0002,002011,00000000
SG02,0002,002012,00000000
SG02,0002,002013,00000000
SG02,0002,002014,00000000
SG02,0002,002015,00000000
SG02,0002,002016,00000000
SG02,0002,002017,00000000
SG02,0002,002018,00000000
SG02,0002,002019,00000000
SG02,0002,002020,00000000
SG02,0002,002021,00000000
SG02,0002,002022,00000000
SG02,0002,002023,00000000
SG02,0002,002024,00000000
SG02,0002,002025,00000000
SG02,0002,002026,00000000
SG02,0002,002027,00000000
SG02,0002,002028,00000000
SG02,0002,002029,00000000
SG02,0002,002030,00000000
SG02,0002,002031,00000000
SG02,0002,002032,00000000
SG02,0002,002033,00000000
SG02,0002,002034,00000000
SG02,0002,002035,00000000
SG02,0002,002036,00000000
SG02,0002,002037,00000000
SG02,0002,002038,00000000
SG02,0002,002039,00000000
SG02,0002,002040,00000000
SG02,0002,002041,00000000
SG02,0002,002042,00000000
SG02,0002,002043,00000000
SG02,0002,002044,00000000
SG02,0002,002045,00000000
SG02,0002,002046,00000000
SG02,0002,002047,00000000
SG02,0002,002048,00000000
SG02,0002,002049,00000000
SG02,0002,002050,00000000
SG02,0002,002051,00000000
SG02,0002,002052,00000000
SG02,0002,002053,00000000
SG02,0002,002054,00000000
SG02,0002,002055,00000000
SG02,0002,002056,00000000
SG02,0002,002057,00000000
SG02,0002,002058,00000000
SG02,0002,002059,00000000
SG02,0002,002060,00000000
SG02,0002,002061,00000000
SG02,0002,002062,00000000
SG02,0002,002063,00000000
SG02,0002,002064,00000000
SG02,0002,002065,00000000
SG02,0002,002066,00000000
SG02,0002,002067,00000000
SG02,0002,002068,00000000
SG02,0002,002069,00000000
SG02,0002,002070,00000000
SG02,0002,002071,00000000
SG02,0002,002072,00000000
SG02,0002,002073,00000000
SG02,0002,002074,00000000
SG02,0002,002075,00000000
SG02,0002,002076,00000000
SG02,0002,002077,00000000
SG02,0002,002078,00000000
SG02,0002,002079,00000000
SG02,0002,002080,00000000
SG02,0002,002081,00000000
SG02,0002,002082,00000000
SG02,0002,002083,00000000
SG02,0002,002084,00000000
SG02,0002,002085,00000000
SG02,0002,002086,00000000
SG02,0002,002087,00000000
SG02,0002,002088,00000000
SG02,0002,002089,00000000
SG02,0002,002090,00000000
SG02,0002,002091,00000000
SG02,0002,002092,00000000
SG02,0002,002093,00000000
SG02,0002,002094,00000000
SG02,0002,002095,00000000
SG02,0002,002096,00000000
SG02,0002,002097,00000000
SG02,0002,002098,00000000
SG02,0002,002099,00000000
SG02,0002,002100,00000000
SG02,0002,002101,00000000
SG02,0002,002102,00000000
SG02,0002,002103,00000000
SG02,0002,002104,00000000
SG02,0002,002105,00000000
SG02,0002,002106,00000000
SG02,0002,002107,00000000
SG02,0002,002108,00000000
SG02,0002,002109,00000000
SG02,0002,002110,00000000
SG02,0002,002111,00000000
SG02,0002,002112,00000000
SG02,0002,002113,00000000
SG02,0002,002114,00000000
SG02,0002,002115,00000000
SG02,0002,002116,00000000
SG02,0002,002117,00000000
SG02,0002,002118,00000000
SG02,0002,002119,00000000
SG02,0002,002120,00000000
SG02,0002,002121,00000000
SG02,0002,002122,00000000
SG02,0002,002123,00000000
SG02,0002,002124,00000000
SG02,0002,002125,00000000
SG02,0002,002126,00000000
SG02,0002,002127,00000000
SG02,0002,002128,00000000
SG02,0002,002129,00000000
SG02,0002,002130,00000000
SG02,0002,002131,00000000
SG02,0002,002132,00000000
SG02,0002,002133,00000000
SG02,0002,002134,00000000
SG02,0002,002135,00000000
SG02,0002,002136,00000000
SG02,0002,002137,00000000
SG02,0002,002138,00000000
SG02,0002,002139,00000000
SG02,0002,002140,00000000
SG02,0002,002141,00000000
SG02,0002,002142,00000000
SG02,0002,002143,00000000
SG02,0002,002144,00000000
SG02,0002,002145,00000000
SG02,0002,002146,00000000
SG02,0002,002147,00000000
SG02,0002,002148,00000000
SG02,0002,002149,00000000
SG02,0002,002150,00000000
SG02,0002,002151,00000000
SG02,0002,002152,00000000
SG02,0002,002153,00000000
SG02,0002,002154,00000000
SG02,0002,002155,00000000
SG02,0002,002156,00000000
SG02,0002,002157,00000000
SG02,0002,002158,00000000
SG02,0002,002159,00000000
SG02,0002,002160,00000000
SG02,0002,002161,00000000
SG02,0002,002162,00000000
SG02,0002,002163,00000000
SG02,0002,002164,00000000
SG02,0002,002165,00000000
SG02,0002,002166,00000000
SG02,0002,002167,00000000
SG02,0002,002168,00000000
SG02,0002,002169,00000000
SG02,0002,002170,00000000
SG02,0002,002171,00000000
SG02,0002,002172,00000000
SG02,0002,002173,00000000
SG02,0002,002174,00000000
SG02,0002,002175,00000000
SG02,0002,002176,00000000
SG02,0002,002177,00000000
SG02,0002,002178,00000000
SG02,0002,002179,00000000
SG02,0002,002180,00000000
SG02,0002,002181,00000000
SG02,0002,002182,00000000
SG02,0002,002183,00000000
SG02,0002,002184,00000000
SG02,0002,002185,00000000
SG02,0002,002186,00000000
SG02,0002,002187,00000000
SG02,0002,002188,00000000
SG02,0002,002189,00000000
SG02,0002,002190,00000000
SG02,0002,002191,00000000
SG02,0002,002192,00000000
SG02,0002,002193,00000000
SG02,0002,002194,00000000
SG02,0002,002195,00000000
SG02,0002,002196,00000000
SG02,0002,002197,00000000
SG02,0002,002198,00000000
SG02,0002,002199,00000000
SG02,0002,002200,00000000
SG02,0002,002201,00000000
SG02,0002,002202,00000000
SG02,0002,002203,00000000
SG02,0002,002204,00000000
SG02,0002,002205,00000000
SG02,0002,002206,00000000
SG02,0002,002207,00000000
SG02,0002,002208,00000000
SG02,0002,002209,00000000
SG02,0002,002210,00000000
SG02,0002,002211,00000000
SG02,0002,002212,00000000
SG02,0002,002213,00000000
SG02,0002,002214,00000000
SG02,0002,002215,00000000
SG02,0002,002216,00000000
SG02,0002,002217,00000000
SG02,0002,002218,00000000
SG02,0002,002219,00000000
SG02,0002,002220,00000000
SG02,0002,002221,00000000
SG02,0002,002222,00000000
SG02,0002,002223,00000000
SG02,0002,002224,00000000
SG02,0002,002225,00000000
SG02,0002,002226,00000000
SG02,0002,002227,00000000
SG02,0002,002228,00000000
SG02,0002,002229,00000000
SG02,0002,002230,00000000
SG02,0002,002231,00000000
SG02,0002,002232,00000000
SG02,0002,002233,00000000
SG02,0002,002234,00000000
SG02,0002,002235,00000000
SG02,0002,002236,00000000
SG02,0002,002237,00000000
SG02,0002,002238,00000000
SG02,0002,002239,00000000
SG02,0002,002240,00000000
SG02,0002,002241,00000000
SG02,0002,002242,00000000
SG02,0002,002243,00000000
SG02,0002,002244,00000000
SG02,0002,002245,00000000
SG02,0002,002246,00000000
SG02,0002,002247,00000000
SG02,0002,002248,00000000
SG02,0002,002249,00000000
SG02,0002,002250,00000000
SG02,0002,002251,00000000
SG02,0002,002252,00000000
SG02,0002,002253,00000000
SG02,0002,002254,00000000
SG02,0002,002255,00000000
SG02,0002,002256,00000000
SG02,0002,002258,00000000
SG02,0002,002259,00000000
SG02,0002,002260,00000000
SG02,0002,002261,00000000
SG02,0002,002262,00000000
SG02,0002,002263,00000000
SG02,0002,002264,00000000
SG02,0002,002265,00000000
SG02,0002,002266,00000000
SG02,0002,002267,00000000
SG02,0002,002268,00000000
SG02,0002,002269,00000000
SG02,0002,002270,00000000
SG02,0002,002271,00000000
SG02,0002,002272,00000000
SG02,0002,002273,00000000
SG02,0002,002274,00000000
SG02,0002,002275,00000000
SG02,0002,002276,00000000
SG02,0002,002277,00000000
SG02,0002,002278,00000000
SG02,0002,002279,00000000
SG02,0002,002280,00000000
SG02,0002,002281,00000000
SG02,0002,002282,00000000
SG02,0002,002283,00000000
SG02,0002,002284,00000000
SG02,0002,002285,00000000
SG02,0002,002286,00000000
SG02,0002,002287,00000000
SG02,0002,002288,00000000
SG02,0002,002289,00000000
SG02,0002,002290,00000000
SG02,0002,002291,00000000
SG02,0002,002292,00000000
SG02,0002,002293,00000000
SG02,0002,002294,00000000
SG02,0002,002295,00000000
SG02,0002,002296,00000000
SG02,0002,002297,00000000
SG02,0002,002298,00000000
SG02,0002,002299,00000000
SG02,0002,002300,00000000
SG02,0002,002301,00000000
SG02,0002,002302,00000000
SG02,0002,002303,00000000
SG02,0002,002304,00000000
SG02,0002,002305,00000000
SG02,0002,002306,00000000
SG02,0002,002307,00000000
SG02,0002,002308,00000000
SG02,0002,002309,00000000
SG02,0002,002310,00000000
SG02,0002,002311,00000000
SG02,0002,002312,00000000
SG02,0002,002313,00000000
SG02,0002,002314,00000000
SG02,0002,002315,00000000
SG02,0002,002316,00000000
SG02,0002,002317,00000000
SG02,0002,002318,00000000
SG02,0002,002319,00000000
SG02,0002,002320,00000000
SG02,0002,002321,00000000
SG02,0002,002322,00000000
SG02,0002,002323,00000000
SG02,0002,002324,00000000
SG02,0002,002325,00000000
SG02,0002,002326,00000000
SG02,0002,002327,00000000
SG02,0002,002328,00000000
SG02,0002,002329,00000000
SG02,0002,002330,00000000
SG02,0002,002331,00000000
SG02,0002,002332,00000000
SG02,0002,002333,00000000
SG02,0002,002334,00000000
SG02,0002,002335,00000000
SG02,0002,002336,00000000
SG02,0002,002337,00000000
SG02,0002,002338,00000000
SG02,0002,002339,00000000
SG02,0002,002340,00000000
SG02,0002,002341,00000000
SG02,0002,002342,00000000
SG02,0002,002343,00000000
SG02,0002,002344,00000000
SG02,0002,002345,00000000
SG02,0002,002346,00000000
SG02,0002,002347,00000000
SG02,0002,002348,00000000
SG02,0002,002349,00000000
SG02,0002,002350,00000000
SG02,0002,002351,00000000
SG02,0002,002352,00000000
SG02,0002,002353,00000000
SG02,0002,002354,00000000
SG02,0002,002355,00000000
SG02,0002,002356,00000000
SG02,0002,002357,00000000
SG02,0002,002358,00000000
SG02,0002,002359,00000000
SG02,0002,002360,00000000
SG02,0002,002361,00000000
SG02,0002,002362,00000000
SG02,0002,002363,00000000
SG02,0002,002364,00000000
SG02,0002,002365,00000000
SG02,0002,002366,00000000
SG02,0002,002367,00000000
SG02,0002,002368,00000000
SG02,0002,002369,00000000
SG02,0002,002370,00000000
SG02,0002,002371,00000000
SG02,0002,002372,00000000
SG02,0002,002373,00000000
SG02,0002,002374,00000000
SG02,0002,002375,00000000
SG02,0002,002376,00000000
SG02,0002,002377,00000000
SG02,0002,002378,00000000
SG02,0002,002379,00000000
SG02,0002,002380,00000000
SG02,0002,002381,00000000
SG02,0002,002382,00000000
SG02,0002,002383,00000000
SG02,0002,002384,00000000
SG02,0002,002385,00000000
SG02,0002,002386,00000000
SG02,0002,002387,00000000
SG02,0002,002388,00000000
SG02,0002,002389,00000000
SG02,0002,002390,00000000
SG02,0002,002391,00000000
SG02,0002,002392,00000000
SG02,0002,002393,00000000
SG02,0002,002394,00000000
SG02,0002,002395,00000000
SG02,0002,002396,00000000
SG02,0002,002397,00000000
SG02,0002,002398,00000000
SG02,0002,002399,00000000
SG02,0002,002400,00000000
SG02,0002,002401,00000000
SG02,0002,002402,00000000
SG02,0002,002403,00000000
SG02,0002,002404,00000000
SG02,0002,002405,00000000
SG02,0002,002406,00000000
SG02,0002,002407,00000000
SG02,0002,002408,00000000
SG02,0002,002409,00000000
SG02,0002,002410,00000000
SG02,0002,002411,00000000
SG02,0002,002412,00000000
SG02,0002,002413,00000000
SG02,0002,002414,00000000
SG02,0002,002415,00000000
SG02,0002,002416,00000000
SG02,0002,002417,00000000
SG02,0002,002418,00000000
SG02,0002,002419,00000000
SG02,0002,002420,00000000
SG02,0002,002421,00000000
SG02,0002,002422,00000000
SG02,0002,002423,00000000
SG02,0002,002424,00000000
SG02,0002,002425,00000000
SG02,0002,002426,00000000
SG02,0002,002427,00000000
SG02,0002,002428,00000000
SG02,0002,002429,00000000
SG02,0002,002430,00000000
SG02,0002,002431,00000000
SG02,0002,002432,00000000
SG02,0002,002433,00000000
SG02,0002,002434,00000000
SG02,0002,002435,00000000
SG02,0002,002436,00000000
SG02,0002,002437,00000000
SG02,0002,002438,00000000
SG02,0002,002439,00000000
SG02,0002,002440,00000000
SG02,0002,002441,00000000
SG02,0002,002442,00000000
SG02,0002,002443,00000000
SG02,0002,002444,00000000
SG02,0002,002445,00000000
SG02,0002,002446,00000000
SG02,0002,002447,00000000
SG02,0002,002448,00000000
SG02,0002,002449,00000000
SG02,0002,002450,00000000
SG02,0002,002451,00000000
SG02,0002,002452,00000000
SG02,0002,002453,00000000
SG02,0002,002454,00000000
SG02,0002,002455,00000000
SG02,0002,002456,00000000
SG02,0002,002457,00000000
SG02,0002,002458,00000000
SG02,0002,002459,00000000
SG02,0002,002460,00000000
SG02,0002,002461,00000000
SG02,0002,002462,00000000
SG02,0002,002463,00000000
SG02,0002,002464,00000000
SG02,0002,002465,00000000
SG02,0002,002466,00000000
SG02,0002,002467,00000000
SG02,0002,002468,00000000
SG02,0002,002469,00000000
SG02,0002,002470,00000000
SG02,0002,002471,00000000
SG02,0002,002472,00000000
SG02,0002,002473,00000000
SG02,0002,002474,00000000
SG02,0002,002475,00000000
SG02,0002,002476,00000000
SG02,0002,002477,00000000
SG02,0002,002478,00000000
SG02,0002,002479,00000000
SG02,0002,002480,00000000
SG02,0002,002481,00000000
SG02,0002,002482,00000000
SG02,0002,002483,00000000
SG02,0002,002484,00000000
SG02,0002,002485,00000000
SG02,0002,002486,00000000
SG02,0002,002487,00000000
SG02,0002,002488,00000000
SG02,0002,002489,00000000
SG02,0002,002490,00000000
SG02,0002,002491,00000000
SG02,0002,002492,00000000
SG02,0002,002493,00000000
SG02,0002,002494,00000000
SG02,0002,002495,00000000
SG02,0002,002496,00000000
SG02,0002,002497,00000000
SG02,0002,002498,00000000
SG02,0002,002499,00000000
SG02,0002,002500,00000000
SG02,0002,002501,00000000
SG02,0002,002502,00000000
SG02,0002,002503,00000000
SG02,0002,002504,00000000
SG02,0002,002505,00000000
SG02,0002,002506,00000000
SG02,0002,002507,00000000
SG02,0002,002508,00000000
SG02,0002,002509,00000000
SG02,0002,002510,00000000
SG02,0002,002511,00000000
SG02,0002,002512,00000000
SG02,0002,002513,00000000
SG02,0002,002514,00000000
SG02,0002,002515,00000000
SG02,0002,002516,00000000
SG02,0002,002517,00000000
SG02,0002,002518,00000000
SG02,0002,002519,00000000
SG02,0002,002520,00000000
SG02,0002,002521,00000000
SG02,0002,002522,00000000
SG02,0002,002523,00000000
SG02,0002,002524,00000000
SG02,0002,002526,00000000
SG02,0002,002527,00000000
SG02,0002,002528,00000000
SG02,0002,002529,00000000
SG02,0002,002530,00000000
SG02,0002,002531,00000000
SG02,0002,002532,00000000
SG02,0002,002533,00000000
SG02,0002,002534,00000000
SG02,0002,002535,00000000
SG02,0002,002536,00000000
SG02,0002,002537,00000000
SG02,0002,002538,00000000
SG02,0002,002539,00000000
SG02,0002,002540,00000000
SG02,0002,002541,00000000
SG02,0002,002542,00000000
SG02,0002,002543,00000000
SG02,0002,002544,00000000
SG02,0002,002545,00000000
SG02,0002,002546,00000000
SG02,0002,002547,00000000
SG02,0002,002548,00000000
SG02,0002,002549,00000000
SG02,0002,002550,00000000
SG02,0002,002551,00000000
SG02,0002,002552,00000000
SG02,0002,002553,00000000
SG02,0002,002554,00000000
SG02,0002,002555,00000000
SG02,0002,002556,00000000
SG02,0002,002557,00000000
SG02,0002,002558,00000000
SG02,0002,002559,00000000
SG02,0002,002560,00000000
SG02,0002,002561,00000000
SG02,0002,002562,00000000
SG02,0002,002563,00000000
SG02,0002,002564,00000000
SG02,0002,002565,00000000
SG02,0002,002566,00000000
SG02,0002,002567,00000000
SG02,0002,002568,00000000
SG02,0002,002569,00000000
SG02,0002,002570,00000000
SG02,0002,002571,00000000
SG02,0002,002572,00000000
SG02,0002,002573,00000000
SG02,0002,002574,00000000
SG02,0002,002575,00000000
SG02,0002,002576,00000000
SG02,0002,002577,00000000
SG02,0002,002578,00000000
SG02,0002,002579,00000000
SG02,0002,002580,00000000
SG02,0002,002581,00000000
SG02,0002,002582,00000000
SG02,0002,002583,00000000
SG02,0002,002584,00000000
SG02,0002,002585,00000000
SG02,0002,002586,00000000
SG02,0002,002587,00000000
SG02,0002,002588,00000000
SG02,0002,002589,00000000
SG02,0002,002590,00000000
SG02,0002,002591,00000000
SG02,0002,002592,00000000
SG02,0002,002593,00000000
SG02,0002,002594,00000000
SG02,0002,002595,00000000
SG02,0002,002596,00000000
SG02,0002,002597,00000000
SG02,0002,002598,00000000
SG02,0002,002599,00000000
SG02,0002,002600,00000000
SG02,0002,002601,00000000
SG02,0002,002602,00000000
SG02,0002,002603,00000000
SG02,0002,002604,00000000
SG02,0002,002605,00000000
SG02,0002,002606,00000000
SG02,0002,002607,00000000
SG02,0002,002608,00000000
SG02,0002,002609,00000000
SG02,0002,002610,00000000
SG02,0002,002611,00000000
SG02,0002,002612,00000000
SG02,0002,002613,00000000
SG02,0002,002614,00000000
SG02,0002,002615,00000000
SG02,0002,002616,00000000
SG02,0002,002617,00000000
SG02,0002,002618,00000000
SG02,0002,002619,00000000
SG02,0002,002620,00000000
SG02,0002,002621,00000000
SG02,0002,002622,00000000
SG02,0002,002623,00000000
SG02,0002,002624,00000000
SG02,0002,002625,00000000
SG02,0002,002626,00000000
SG02,0002,002627,00000000
SG02,0002,002628,00000000
SG02,0002,002629,00000000
SG02,0002,002630,00000000
SG02,0002,002631,00000000
SG02,0002,002632,00000000
SG02,0002,002633,00000000
SG02,0002,002634,00000000
SG02,0002,002635,00000000
SG02,0002,002636,00000000
SG02,0002,002637,00000000
SG02,0002,002638,00000000
SG02,0002,002639,00000000
SG02,0002,002640,00000000
SG02,0002,002641,00000000
SG02,0002,002642,00000000
SG02,0002,002643,00000000
SG02,0002,002644,00000000
SG02,0002,002645,00000000
SG02,0002,002646,00000000
SG02,0002,002647,00000000
SG02,0002,002648,00000000
SG02,0002,002649,00000000
SG02,0002,002650,00000000
SG02,0002,002651,00000000
SG02,0002,002652,00000000
SG02,0002,002653,00000000
SG02,0002,002654,00000000
SG02,0002,002655,00000000
SG02,0002,002656,00000000
SG02,0002,002657,00000000
SG02,0002,002658,00000000
SG02,0002,002659,00000000
SG02,0002,002660,00000000
SG02,0002,002661,00000000
SG02,0002,002662,00000000
SG02,0002,002663,00000000
SG02,0002,002664,00000000
SG02,0002,002665,00000000
SG02,0002,002666,00000000
SG02,0002,002667,00000000
SG02,0002,002668,00000000
SG02,0002,002669,00000000
SG02,0002,002670,00000000
SG02,0002,002671,00000000
SG02,0002,002672,00000000
SG02,0002,002673,00000000
SG02,0002,002674,00000000
SG02,0002,002675,00000000
SG02,0002,002676,00000000
SG02,0002,002677,00000000
SG02,0002,002678,00000000
SG02,0002,002679,00000000
SG02,0002,002680,00000000
SG02,0002,002681,00000000
SG02,0002,002682,00000000
SG02,0002,002683,00000000
SG02,0002,002684,00000000
SG02,0002,002685,00000000
SG02,0002,002686,00000000
SG02,0002,002687,00000000
SG02,0002,002688,00000000
SG02,0002,002689,00000000
SG02,0002,002690,00000000
SG02,0002,002691,00000000
SG02,0002,002692,00000000
SG02,0002,002693,00000000
SG02,0002,002694,00000000
SG02,0002,002695,00000000
SG02,0002,002696,00000000
SG02,0002,002697,00000000
SG02,0002,002698,00000000
SG02,0002,002699,00000000
SG02,0002,002700,00000000
SG02,0002,002701,00000000
SG02,0002,002702,00000000
SG02,0002,002703,00000000
SG02,0002,002705,00000000
SG02,0002,002706,00000000
SG02,0002,002707,00000000
SG02,0002,002708,00000000
SG02,0002,002709,00000000
SG02,0002,002710,00000000
SG02,0002,002711,00000000
SG02,0002,002712,00000000
SG02,0002,002713,00000000
SG02,0002,002714,00000000
SG02,0002,002715,00000000
SG02,0002,002716,00000000
SG02,0002,002717,00000000
SG02,0002,002718,00000000
SG02,0002,002719,00000000
SG02,0002,002721,00000000
SG02,0002,002722,00000000
SG02,0002,002723,00000000
SG02,0002,002724,00000000
SG02,0002,002725,00000000
SG02,0002,002726,00000000
SG02,0002,002727,00000000
SG02,0002,002728,00000000
SG02,0002,002729,00000000
SG02,0002,002730,00000000
SG02,0002,002731,00000000
SG02,0002,002732,00000000
SG02,0002,002733,00000000
SG02,0002,002734,00000000
SG02,0002,002735,00000000
SG02,0002,002736,00000000
SG02,0002,002737,00000000
SG02,0002,002738,00000000
SG02,0002,002739,00000000
SG02,0002,002740,00000000
SG02,0002,002741,00000000
SG02,0002,002742,00000000
SG02,0002,002743,00000000
SG02,0002,002745,00000000
SG02,0002,002746,00000000
SG02,0002,002747,00000000
SG02,0002,002748,00000000
SG02,0002,002749,00000000
SG02,0002,002750,00000000
SG02,0002,002751,00000000
SG02,0002,002752,00000000
SG02,0002,002753,00000000
SG02,0002,002755,00000000
SG02,0002,002756,00000000
SG02,0002,002757,00000000
SG02,0002,002758,00000000
SG02,0002,002759,00000000
SG02,0002,002760,00000000
SG02,0002,002761,00000000
SG02,0002,002762,00000000
SG02,0002,002763,00000000
SG02,0002,002765,00000000
SG02,0002,002766,00000000
SG02,0002,002767,00000000
SG02,0002,002768,00000000
SG02,0002,002769,00000000
SG02,0002,002770,00000000
SG02,0002,002771,00000000
SG02,0002,002772,00000000
SG02,0002,002773,00000000
SG02,0002,002774,00000000
SG02,0002,002775,00000000
SG02,0002,002776,00000000
SG02,0002,002777,00000000
SG02,0002,002778,00000000
SG02,0002,002779,00000000
SG02,0002,002780,00000000
SG02,0002,002781,00000000
SG02,0002,002782,00000000
SG02,0002,002783,00000000
SG02,0002,002785,00000000
SG02,0002,002786,00000000
SG02,0002,002787,00000000
SG02,0002,002788,00000000
SG02,0002,002789,00000000
SG02,0002,002790,00000000
SG02,0002,002791,00000000
SG02,0002,002792,00000000
SG02,0002,002793,00000000
SG02,0002,002795,00000000
SG02,0002,002796,00000000
SG02,0002,002797,00000000
SG02,0002,002798,00000000
SG02,0002,002799,00000000
SG02,0002,002800,00000000
SG02,0002,002801,00000000
SG02,0002,002802,00000000
SG02,0002,002803,00000000
SG02,0002,002805,00000000
SG02,0002,002806,00000000
SG02,0002,002807,00000000
SG02,0002,002808,00000000
SG02,0002,002809,00000000
SG02,0002,002810,00000000
SG02,0002,002811,00000000
SG02,0002,002812,00000000
SG02,0002,002813,00000000
SG02,0002,002815,00000000
SG02,0002,002816,00000000
SG02,0002,002817,00000000
SG02,0002,002818,00000000
SG02,0002,002819,00000000
SG02,0002,002820,00000000
SG02,0002,002821,00000000
SG02,0002,002822,00000000
SG02,0002,002823,00000000
SG02,0002,002824,00000000
SG02,0002,002825,00000000
SG02,0002,002826,00000000
SG02,0002,002827,00000000
SG02,0002,002828,00000000
SG02,0002,002829,00000000
SG02,0002,002830,00000000
SG02,0002,002831,00000000
SG02,0002,002832,00000000
SG02,0002,002833,00000000
SG02,0002,002835,00000000
SG02,0002,002836,00000000
SG02,0002,002837,00000000
SG02,0002,002838,00000000
SG02,0002,002839,00000000
SG02,0002,002840,00000000
SG02,0002,002841,00000000
SG02,0002,002842,00000000
SG02,0002,002843,00000000
SG02,0002,002845,00000000
SG02,0002,002846,00000000
SG02,0002,002847,00000000
SG02,0002,002848,00000000
SG02,0002,002849,00000000
SG02,0002,002850,00000000
SG02,0002,002851,00000000
SG02,0002,002852,00000000
SG02,0002,002853,00000000
SG02,0002,002855,00000000
SG02,0002,002856,00000000
SG02,0002,002857,00000000
SG02,0002,002858,00000000
SG02,0002,002859,00000000
SG02,0002,002860,00000000
SG02,0002,002861,00000000
SG02,0002,002862,00000000
SG02,0002,002863,00000000
SG02,0002,002864,00000000
SG02,0002,002865,00000000
SG02,0002,002866,00000000
SG02,0002,002867,00000000
SG02,0002,002868,00000000
SG02,0002,002869,00000000
SG02,0002,002870,00000000
SG02,0002,002871,00000000
SG02,0002,002872,00000000
SG02,0002,002873,00000000
SG02,0002,002875,00000000
SG02,0002,002876,00000000
SG02,0002,002877,00000000
SG02,0002,002878,00000000
SG02,0002,002879,00000000
SG02,0002,002880,00000000
SG02,0002,002881,00000000
SG02,0002,002882,00000000
SG02,0002,002883,00000000
SG02,0002,002884,00000000
SG02,0002,002885,00000000
SG02,0002,002886,00000000
SG02,0002,002887,00000000
SG02,0002,002888,00000000
SG02,0002,002889,00000000
SG02,0002,002890,00000000
SG02,0002,002891,00000000
SG02,0002,002892,00000000
SG02,0002,002893,00000000
SG02,0002,002895,00000000
SG02,0002,002896,00000000
SG02,0002,002897,00000000
SG02,0002,002898,00000000
SG02,0002,002899,00000000
SG02,0002,002900,00000000
SG02,0002,002901,00000000
SG02,0002,002902,00000000
SG02,0002,002903,00000000
SG02,0002,002905,00000000
SG02,0002,002906,00000000
SG02,0002,002907,00000000
SG02,0002,002908,00000000
SG02,0002,002909,00000000
SG02,0002,002910,00000000
SG02,0002,002911,00000000
SG02,0002,002912,00000000
SG02,0002,002913,00000000
SG02,0002,002915,00000000
SG02,0002,002916,00000000
SG02,0002,002917,00000000
SG02,0002,002918,00000000
SG02,0002,002919,00000000
SG02,0002,002920,00000000
SG02,0002,002921,00000000
SG02,0002,002922,00000000
SG02,0002,002923,00000000
SG02,0002,002925,00000000
SG02,0002,300001,00000000
SG02,0002,300002,00000000
SG02,0002,300003,00000000
SG02,0002,300004,00000000
SG02,0002,300005,00000000
SG02,0002,300006,00000000
SG02,0002,300007,00000000
SG02,0002,300008,00000000
SG02,0002,300009,00000000
SG02,0002,300010,00000000
SG02,0002,300011,00000000
SG02,0002,300012,00000000
SG02,0002,300013,00000000
SG02,0002,300014,00000000
SG02,0002,300015,00000000
SG02,0002,300016,00000000
SG02,0002,300017,00000000
SG02,0002,300018,00000000
SG02,0002,300019,00000000
SG02,0002,300020,00000000
SG02,0002,300021,00000000
SG02,0002,300022,00000000
SG02,0002,300023,00000000
SG02,0002,300024,00000000
SG02,0002,300025,00000000
SG02,0002,300026,00000000
SG02,0002,300027,00000000
SG02,0002,300028,00000000
SG02,0002,300029,00000000
SG02,0002,300030,00000000
SG02,0002,300031,00000000
SG02,0002,300032,00000000
SG02,0002,300033,00000000
SG02,0002,300034,00000000
SG02,0002,300035,00000000
SG02,0002,300036,00000000
SG02,0002,300037,00000000
SG02,0002,300038,00000000
SG02,0002,300039,00000000
SG02,0002,300040,00000000
SG02,0002,300041,00000000
SG02,0002,300042,00000000
SG02,0002,300043,00000000
SG02,0002,300044,00000000
SG02,0002,300045,00000000
SG02,0002,300046,00000000
SG02,0002,300047,00000000
SG02,0002,300048,00000000
SG02,0002,300049,00000000
SG02,0002,300050,00000000
SG02,0002,300051,00000000
SG02,0002,300052,00000000
SG02,0002,300053,00000000
SG02,0002,300054,00000000
SG02,0002,300055,00000000
SG02,0002,300056,00000000
SG02,0002,300057,00000000
SG02,0002,300058,00000000
SG02,0002,300059,00000000
SG02,0002,300061,00000000
SG02,0002,300062,00000000
SG02,0002,300063,00000000
SG02,0002,300064,00000000
SG02,0002,300065,00000000
SG02,0002,300066,00000000
SG02,0002,300067,00000000
SG02,0002,300068,00000000
SG02,0002,300069,00000000
SG02,0002,300070,00000000
SG02,0002,300071,00000000
SG02,0002,300072,00000000
SG02,0002,300073,00000000
SG02,0002,300074,00000000
SG02,0002,300075,00000000
SG02,0002,300076,00000000
SG02,0002,300077,00000000
SG02,0002,300078,00000000
SG02,0002,300079,00000000
SG02,0002,300080,00000000
SG02,0002,300081,00000000
SG02,0002,300082,00000000
SG02,0002,300083,00000000
SG02,0002,300084,00000000
SG02,0002,300085,00000000
SG02,0002,300086,00000000
SG02,0002,300087,00000000
SG02,0002,300088,00000000
SG02,0002,300089,00000000
SG02,0002,300090,00000000
SG02,0002,300091,00000000
SG02,0002,300092,00000000
SG02,0002,300093,00000000
SG02,0002,300094,00000000
SG02,0002,300095,00000000
SG02,0002,300096,00000000
SG02,0002,300097,00000000
SG02,0002,300098,00000000
SG02,0002,300099,00000000
SG02,0002,300100,00000000
SG02,0002,300101,00000000
SG02,0002,300102,00000000
SG02,0002,300103,00000000
SG02,0002,300104,00000000
SG02,0002,300105,00000000
SG02,0002,300106,00000000
SG02,0002,300107,00000000
SG02,0002,300108,00000000
SG02,0002,300109,00000000
SG02,0002,300110,00000000
SG02,0002,300111,00000000
SG02,0002,300112,00000000
SG02,0002,300113,00000000
SG02,0002,300114,00000000
SG02,0002,300115,00000000
SG02,0002,300116,00000000
SG02,0002,300117,00000000
SG02,0002,300118,00000000
SG02,0002,300119,00000000
SG02,0002,300120,00000000
SG02,0002,300121,00000000
SG02,0002,300122,00000000
SG02,0002,300123,00000000
SG02,0002,300124,00000000
SG02,0002,300125,00000000
SG02,0002,300126,00000000
SG02,0002,300127,00000000
SG02,0002,300128,00000000
SG02,0002,300129,00000000
SG02,0002,300130,00000000
SG02,0002,300131,00000000
SG02,0002,300132,00000000
SG02,0002,300133,00000000
SG02,0002,300134,00000000
SG02,0002,300135,00000000
SG02,0002,300136,00000000
SG02,0002,300137,00000000
SG02,0002,300138,00000000
SG02,0002,300139,00000000
SG02,0002,300140,00000000
SG02,0002,300141,00000000
SG02,0002,300142,00000000
SG02,0002,300143,00000000
SG02,0002,300144,00000000
SG02,0002,300145,00000000
SG02,0002,300146,00000000
SG02,0002,300147,00000000
SG02,0002,300148,00000000
SG02,0002,300149,00000000
SG02,0002,300150,00000000
SG02,0002,300151,00000000
SG02,0002,300152,00000000
SG02,0002,300153,00000000
SG02,0002,300154,00000000
SG02,0002,300155,00000000
SG02,0002,300156,00000000
SG02,0002,300157,00000000
SG02,0002,300158,00000000
SG02,0002,300159,00000000
SG02,0002,300160,00000000
SG02,0002,300161,00000000
SG02,0002,300162,00000000
SG02,0002,300163,00000000
SG02,0002,300164,00000000
SG02,0002,300165,00000000
SG02,0002,300166,00000000
SG02,0002,300167,00000000
SG02,0002,300168,00000000
SG02,0002,300169,00000000
SG02,0002,300170,00000000
SG02,0002,300171,00000000
SG02,0002,300172,00000000
SG02,0002,300173,00000000
SG02,0002,300174,00000000
SG02,0002,300175,00000000
SG02,0002,300176,00000000
SG02,0002,300177,00000000
SG02,0002,300178,00000000
SG02,0002,300179,00000000
SG02,0002,300180,00000000
SG02,0002,300181,00000000
SG02,0002,300182,00000000
SG02,0002,300183,00000000
SG02,0002,300184,00000000
SG02,0002,300185,00000000
SG02,0002,300187,00000000
SG02,0002,300188,00000000
SG02,0002,300189,00000000
SG02,0002,300190,00000000
SG02,0002,300191,00000000
SG02,0002,300192,00000000
SG02,0002,300193,00000000
SG02,0002,300194,00000000
SG02,0002,300195,00000000
SG02,0002,300196,00000000
SG02,0002,300197,00000000
SG02,0002,300198,00000000
SG02,0002,300199,00000000
SG02,0002,300200,00000000
SG02,0002,300201,00000000
SG02,0002,300202,00000000
SG02,0002,300203,00000000
SG02,0002,300204,00000000
SG02,0002,300205,00000000
SG02,0002,300206,00000000
SG02,0002,300207,00000000
SG02,0002,300208,00000000
SG02,0002,300209,00000000
SG02,0002,300210,00000000
SG02,0002,300211,00000000
SG02,0002,300212,00000000
SG02,0002,300213,00000000
SG02,0002,300214,00000000
SG02,0002,300215,00000000
SG02,0002,300216,00000000
SG02,0002,300217,00000000
SG02,0002,300218,00000000
SG02,0002,300219,00000000
SG02,0002,300220,00000000
SG02,0002,300221,00000000
SG02,0002,300222,00000000
SG02,0002,300223,00000000
SG02,0002,300224,00000000
SG02,0002,300225,00000000
SG02,0002,300226,00000000
SG02,0002,300227,00000000
SG02,0002,300228,00000000
SG02,0002,300229,00000000
SG02,0002,300230,00000000
SG02,0002,300231,00000000
SG02,0002,300232,00000000
SG02,0002,300233,00000000
SG02,0002,300234,00000000
SG02,0002,300235,00000000
SG02,0002,300236,00000000
SG02,0002,300237,00000000
SG02,0002,300238,00000000
SG02,0002,300239,00000000
SG02,0002,300240,00000000
SG02,0002,300241,00000000
SG02,0002,300242,00000000
SG02,0002,300243,00000000
SG02,0002,300244,00000000
SG02,0002,300245,00000000
SG02,0002,300246,00000000
SG02,0002,300247,00000000
SG02,0002,300248,00000000
SG02,0002,300249,00000000
SG02,0002,300250,00000000
SG02,0002,300251,00000000
SG02,0002,300252,00000000
SG02,0002,300253,00000000
SG02,0002,300254,00000000
SG02,0002,300255,00000000
SG02,0002,300256,00000000
SG02,0002,300257,00000000
SG02,0002,300258,00000000
SG02,0002,300259,00000000
SG02,0002,300260,00000000
SG02,0002,300261,00000000
SG02,0002,300262,00000000
SG02,0002,300263,00000000
SG02,0002,300264,00000000
SG02,0002,300265,00000000
SG02,0002,300266,00000000
SG02,0002,300267,00000000
SG02,0002,300268,00000000
SG02,0002,300269,00000000
SG02,0002,300270,00000000
SG02,0002,300271,00000000
SG02,0002,300272,00000000
SG02,0002,300273,00000000
SG02,0002,300274,00000000
SG02,0002,300275,00000000
SG02,0002,300276,00000000
SG02,0002,300277,00000000
SG02,0002,300278,00000000
SG02,0002,300279,00000000
SG02,0002,300280,00000000
SG02,0002,300281,00000000
SG02,0002,300282,00000000
SG02,0002,300283,00000000
SG02,0002,300284,00000000
SG02,0002,300285,00000000
SG02,0002,300286,00000000
SG02,0002,300287,00000000
SG02,0002,300288,00000000
SG02,0002,300289,00000000
SG02,0002,300290,00000000
SG02,0002,300291,00000000
SG02,0002,300292,00000000
SG02,0002,300293,00000000
SG02,0002,300294,00000000
SG02,0002,300295,00000000
SG02,0002,300296,00000000
SG02,0002,300297,00000000
SG02,0002,300298,00000000
SG02,0002,300299,00000000
SG02,0002,300300,00000000
SG02,0002,300301,00000000
SG02,0002,300302,00000000
SG02,0002,300303,00000000
SG02,0002,300304,00000000
SG02,0002,300305,00000000
SG02,0002,300306,00000000
SG02,0002,300307,00000000
SG02,0002,300308,00000000
SG02,0002,300309,00000000
SG02,0002,300310,00000000
SG02,0002,300311,00000000
SG02,0002,300312,00000000
SG02,0002,300313,00000000
SG02,0002,300314,00000000
SG02,0002,300315,00000000
SG02,0002,300316,00000000
SG02,0002,300317,00000000
SG02,0002,300318,00000000
SG02,0002,300319,00000000
SG02,0002,300320,00000000
SG02,0002,300321,00000000
SG02,0002,300322,00000000
SG02,0002,300323,00000000
SG02,0002,300324,00000000
SG02,0002,300325,00000000
SG02,0002,300326,00000000
SG02,0002,300327,00000000
SG02,0002,300328,00000000
SG02,0002,300329,00000000
SG02,0002,300330,00000000
SG02,0002,300331,00000000
SG02,0002,300332,00000000
SG02,0002,300333,00000000
SG02,0002,300334,00000000
SG02,0002,300335,00000000
SG02,0002,300336,00000000
SG02,0002,300337,00000000
SG02,0002,300338,00000000
SG02,0002,300339,00000000
SG02,0002,300340,00000000
SG02,0002,300341,00000000
SG02,0002,300342,00000000
SG02,0002,300343,00000000
SG02,0002,300344,00000000
SG02,0002,300345,00000000
SG02,0002,300346,00000000
SG02,0002,300347,00000000
SG02,0002,300348,00000000
SG02,0002,300349,00000000
SG02,0002,300350,00000000
SG02,0002,300351,00000000
SG02,0002,300352,00000000
SG02,0002,300353,00000000
SG02,0002,300354,00000000
SG02,0002,300355,00000000
SG02,0002,300356,00000000
SG02,0002,300357,00000000
SG02,0002,300358,00000000
SG02,0002,300359,00000000
SG02,0002,300360,00000000
SG02,0002,300361,00000000
SG02,0002,300362,00000000
SG02,0002,300363,00000000
SG02,0002,300364,00000000
SG02,0002,300365,00000000
SG02,0002,300366,00000000
SG02,0002,300367,00000000
SG02,0002,300368,00000000
SG02,0002,300369,00000000
SG02,0002,300370,00000000
SG02,0002,300371,00000000
SG02,0002,300373,00000000
SG02,0002,300374,00000000
SG02,0002,300375,00000000
SG02,0002,300376,00000000
SG02,0002,300377,00000000
SG02,0002,300378,00000000
SG02,0002,300379,00000000
SG02,0002,300380,00000000
SG02,0002,300381,00000000
SG02,0002,300382,00000000
SG02,0002,300383,00000000
SG02,0002,300384,00000000
SG02,0002,300385,00000000
SG02,0002,300386,00000000
SG02,0002,300387,00000000
SG02,0002,300388,00000000
SG02,0002,300389,00000000
SG02,0002,300390,00000000
SG02,0002,300391,00000000
SG02,0002,300392,00000000
SG02,0002,300393,00000000
SG02,0002,300394,00000000
SG02,0002,300395,00000000
SG02,0002,300396,00000000
SG02,0002,300397,00000000
SG02,0002,300398,00000000
SG02,0002,300399,00000000
SG02,0002,300400,00000000
SG02,0002,300401,00000000
SG02,0002,300402,00000000
SG02,0002,300403,00000000
SG02,0002,300404,00000000
SG02,0002,300405,00000000
SG02,0002,300406,00000000
SG02,0002,300407,00000000
SG02,0002,300408,00000000
SG02,0002,300409,00000000
SG02,0002,300410,00000000
SG02,0002,300411,00000000
SG02,0002,300412,00000000
SG02,0002,300413,00000000
SG02,0002,300414,00000000
SG02,0002,300415,00000000
SG02,0002,300416,00000000
SG02,0002,300417,00000000
SG02,0002,300418,00000000
SG02,0002,300419,00000000
SG02,0002,300420,00000000
SG02,0002,300421,00000000
SG02,0002,300422,00000000
SG02,0002,300423,00000000
SG02,0002,300424,00000000
SG02,0002,300425,00000000
SG02,0002,300426,00000000
SG02,0002,300427,00000000
SG02,0002,300428,00000000
SG02,0002,300429,00000000
SG02,0002,300430,00000000
SG02,0002,300431,00000000
SG02,0002,300432,00000000
SG02,0002,300433,00000000
SG02,0002,300434,00000000
SG02,0002,300435,00000000
SG02,0002,300436,00000000
SG02,0002,300437,00000000
SG02,0002,300438,00000000
SG02,0002,300439,00000000
SG02,0002,300440,00000000
SG02,0002,300441,00000000
SG02,0002,300442,00000000
SG02,0002,300443,00000000
SG02,0002,300444,00000000
SG02,0002,300445,00000000
SG02,0002,300446,00000000
SG02,0002,300447,00000000
SG02,0002,300448,00000000
SG02,0002,300449,00000000
SG02,0002,300450,00000000
SG02,0002,300451,00000000
SG02,0002,300452,00000000
SG02,0002,300453,00000000
SG02,0002,300455,00000000
SG02,0002,300456,00000000
SG02,0002,300457,00000000
SG02,0002,300458,00000000
SG02,0002,300459,00000000
SG02,0002,300460,00000000
SG02,0002,300461,00000000
SG02,0002,300462,00000000
SG02,0002,300463,00000000
SG02,0002,300464,00000000
SG02,0002,300465,00000000
SG02,0002,300466,00000000
SG02,0002,300467,00000000
SG02,0002,300468,00000000
SG02,0002,300469,00000000
SG02,0002,300470,00000000
SG02,0002,300471,00000000
SG02,0002,300472,00000000
SG02,0002,300473,00000000
SG02,0002,300474,00000000
SG02,0002,300475,00000000
SG02,0002,300476,00000000
SG02,0002,300477,00000000
SG02,0002,300478,00000000
SG02,0002,300479,00000000
SG02,0002,300480,00000000
SG02,0002,300481,00000000
SG02,0002,300482,00000000
SG02,0002,300483,00000000
SG02,0002,300484,00000000
SG02,0002,300485,00000000
SG02,0002,300486,00000000
SG02,0002,300487,00000000
SG02,0002,300488,00000000
SG02,0002,300489,00000000
SG02,0002,300490,00000000
SG02,0002,300491,00000000
SG02,0002,300492,00000000
SG02,0002,300493,00000000
SG02,0002,300494,00000000
SG02,0002,300495,00000000
SG02,0002,300496,00000000
SG02,0002,300497,00000000
SG02,0002,300498,00000000
SG02,0002,300499,00000000
SG02,0002,300500,00000000
SG02,0002,300501,00000000
SG02,0002,300502,00000000
SG02,0002,300503,00000000
SG02,0002,300505,00000000
SG02,0002,300506,00000000
SG02,0002,300507,00000000
SG02,0002,300508,00000000
SG02,0002,300509,00000000
SG02,0002,300510,00000000
SG02,0002,300511,00000000
SG02,0002,300512,00000000
SG02,0002,300513,00000000
SG02,0002,300514,00000000
SG02,0002,300515,00000000
SG02,0002,300516,00000000
SG02,0002,300517,00000000
SG02,0002,300518,00000000
SG02,0002,300519,00000000
SG02,0002,300520,00000000
SG02,0002,300521,00000000
SG02,0002,300522,00000000
SG02,0002,300523,00000000
SG02,0002,300525,00000000
SG02,0002,300526,00000000
SG02,0002,300527,00000000
SG02,0002,300528,00000000
SG02,0002,300529,00000000
SG02,0002,300530,00000000
SG02,0002,300531,00000000
SG02,0002,300532,00000000
SG02,0002,300533,00000000
SG02,0002,300534,00000000
SG02,0002,300535,00000000
SG02,0002,300536,00000000
SG02,0002,300537,00000000
SG02,0002,300538,00000000
SG02,0002,300539,00000000
SG02,0002,300540,00000000
SG02,0002,300541,00000000
SG02,0002,300542,00000000
SG02,0002,300543,00000000
SG02,0002,300545,00000000
SG02,0002,300546,00000000
SG02,0002,300547,00000000
SG02,0002,300548,00000000
SG02,0002,300549,00000000
SG02,0002,300550,00000000
SG02,0002,300551,00000000
SG02,0002,300552,00000000
SG02,0002,300553,00000000
SG02,0002,300554,00000000
SG02,0002,300555,00000000
SG02,0002,300556,00000000
SG02,0002,300557,00000000
SG02,0002,300558,00000000
SG02,0002,300559,00000000
SG02,0002,300560,00000000
SG02,0002,300561,00000000
SG02,0002,300562,00000000
SG02,0002,300563,00000000
SG02,0002,300565,00000000
SG02,0002,300566,00000000
SG02,0002,300567,00000000
SG02,0002,300568,00000000
SG02,0002,300569,00000000
SG02,0002,300570,00000000
SG02,0002,300571,00000000
SG02,0002,300572,00000000
SG02,0002,300573,00000000
SG02,0002,300575,00000000
SG02,0002,300576,00000000
SG02,0002,300577,00000000
SG02,0002,300578,00000000
SG02,0002,300579,00000000
SG02,0002,300580,00000000
SG02,0002,300581,00000000
SG02,0002,300582,00000000
SG02,0002,300583,00000000
SG02,0002,300584,00000000
SG02,0002,300585,00000000
SG02,0002,300586,00000000
SG02,0002,300587,00000000
SG02,0002,300588,00000000
SG02,0002,300589,00000000
SG02,0002,300590,00000000
SG02,0002,300591,00000000
SG02,0002,300592,00000000
SG02,0002,300593,00000000
SG02,0002,300595,00000000
SG02,0002,300596,00000000
SG02,0002,300597,00000000
SG02,0002,300598,00000000
SG02,0002,300599,00000000
SG02,0002,300600,00000000
SG02,0002,300601,00000000
SG02,0002,300602,00000000
SG02,0002,300603,00000000
SG02,0002,300604,00000000
SG02,0002,300605,00000000
SG02,0002,300606,00000000
SG02,0002,300607,00000000
SG02,0002,300608,00000000
SG02,0002,300609,00000000
SG02,0002,300610,00000000
SG02,0002,300611,00000000
SG02,0002,300612,00000000
SG02,0002,300613,00000000
SG02,0002,300615,00000000
SG02,0002,300616,00000000
SG02,0002,300617,00000000
SG02,0002,300618,00000000
SG02,0002,300619,00000000
SG02,0002,300620,00000000
SG02,0002,300621,00000000
SG02,0002,300622,00000000
SG02,0002,300623,00000000
SG02,0002,300625,00000000
SG02,0002,300626,00000000
SG02,0002,300627,00000000
SG02,0002,300628,00000000
SG02,0002,300629,00000000
SG02,0002,300630,00000000
SG02,0002,300631,00000000
SG02,0002,300632,00000000
SG02,0002,300633,00000000
SG02,0002,300635,00000000
SG02,0002,300636,00000000
SG02,0002,300637,00000000
SG02,0002,300638,00000000
SG02,0002,300639,00000000
SG02,0002,300640,00000000
SG02,0002,300641,00000000
SG02,0002,300642,00000000
SG02,0002,300643,00000000
SG02,0002,300645,00000000
SG02,0002,300646,00000000
SG02,0002,300647,00000000
SG02,0002,300648,00000000
SG02,0002,300649,00000000
SG02,0002,300650,00000000
SG02,0002,300651,00000000
SG02,0002,300652,00000000
SG02,0002,300653,00000000
SG02,0002,300654,00000000
SG02,0002,300655,00000000
SG02,0002,300656,00000000
SG02,0002,300657,00000000
SG02,0002,300658,00000000
SG02,0002,300659,00000000
SG02,0002,300660,00000000
SG02,0002,300661,00000000
SG02,0002,300662,00000000
SG02,0002,300663,00000000
SG02,0002,300664,00000000
SG02,0002,300665,00000000
SG02,0002,300666,00000000
SG02,0002,300667,00000000
SG02,0002,300668,00000000
SG02,0002,300669,00000000
SG02,0002,300670,00000000
SG02,0002,300671,00000000
SG02,0002,300672,00000000
SG02,0002,300673,00000000
SG02,0002,300675,00000000
SG02,0002,300676,00000000
SG02,0002,300677,00000000
SG02,0002,300678,00000000
SG02,0002,300679,00000000
SG02,0002,300680,00000000
SG02,0002,300681,00000000
SG02,0002,300682,00000000
SG02,0002,300683,00000000
SG02,0002,300684,00000000
SG02,0002,300685,00000000
SG02,0002,300686,00000000
SG02,0002,300687,00000000
SG02,0002,300688,00000000
SG02,0002,300689,00000000
SG02,0002,300690,00000000
SG02,0002,300691,00000000
SG02,0002,300692,00000000
SG02,0002,300693,00000000
SG02,0002,300695,00000000
SG02,0002,300696,00000000
SG02,0002,300697,00000000
SG02,0002,300698,00000000
SG02,0002,300699,00000000
SG02,0002,300700,00000000
SG02,0002,300701,00000000
SG02,0002,300702,00000000
SG02,0002,300703,00000000
SG02,0002,300705,00000000
SG02,0002,300706,00000000
SG02,0002,300707,00000000
SG02,0002,300708,00000000
SG02,0002,300709,00000000
SG02,0002,300710,00000000
SG02,0002,300711,00000000
SG02,0002,300712,00000000
SG02,0002,300713,00000000
SG02,0002,300715,00000000
SG02,0002,300716,00000000
SG02,0002,300717,00000000
SG02,0002,300718,00000000
SG02,0002,300719,00000000
SG02,0002,300720,00000000
SG02,0002,300721,00000000
SG02,0002,300722,00000000
SG02,0002,300723,00000000
SG02,0002,300725,00000000
SG02,0002,300726,00000000
SG02,0002,300727,00000000
SG02,0002,300728,00000000
SG02,0002,300729,00000000
SG02,0002,300730,00000000
SG02,0002,300731,00000000
SG02,0002,300732,00000000
SG02,0002,300733,00000000
SG02,0002,300735,00000000
SG02,0002,300736,00000000
SG07,0007,10000969,00000000
SG07,0007,10000970,00000000
SG07,0007,10000971,00000000
SG07,0007,10000972,00000000
SG07,0007,10000973,00000000
SG07,0007,10000974,00000000
SG07,0007,10000975,00000000
SG07,0007,10000976,00000000
SG07,0007,10000977,00000000
SG07,0007,10000978,00000000
SG07,0007,10000985,00000000
SG07,0007,10000986,00000000
SG07,0007,10000987,00000000
SG07,0007,10000988,00000000
SG07,0007,10000989,00000000
SG07,0007,10000990,00000000
SG07,0007,10001009,00000000
SG07,0007,10001010,00000000
SG07,0007,10001025,00000000
SG07,0007,10001026,00000000
SG07,0007,10001027,00000000
SG07,0007,10001028,00000000
SG07,0007,10001029,00000000
SG07,0007,10001030,00000000
SG07,0007,10001031,00000000
SG07,0007,10001032,00000000
SG07,0007,10001033,00000000
SG07,0007,10001034,00000000
SG07,0007,10001039,00000000
SG07,0007,10001040,00000000
SG07,0007,10001041,00000000
SG07,0007,10001042,00000000
SG07,0007,10001047,00000000
SG07,0007,10001048,00000000
SG07,0007,10001049,00000000
SG07,0007,10001050,00000000
SG07,0007,10001055,00000000
SG07,0007,10001056,00000000
SG07,0007,10001057,00000000
SG07,0007,10001058,00000000
SG07,0007,10001063,00000000
SG07,0007,10001064,00000000
SG07,0007,10001065,00000000
SG07,0007,10001066,00000000
SG07,0007,10001069,00000000
SG07,0007,10001070,00000000
SG07,0007,10001071,00000000
SG07,0007,10001072,00000000
SG07,0007,10001073,00000000
SG07,0007,10001074,00000000
SG07,0007,10001075,00000000
SG07,0007,10001076,00000000
SG07,0007,10001077,00000000
SG07,0007,10001078,00000000
SG07,0007,10001079,00000000
SG07,0007,10001080,00000000
SG07,0007,10001081,00000000
SG07,0007,10001082,00000000
SG07,0007,10001083,00000000
SG07,0007,10001084,00000000
SG07,0007,10001095,00000000
SG07,0007,10001096,00000000
SG07,0007,10001097,00000000
SG07,0007,10001098,00000000
SG07,0007,10001099,00000000
SG07,0007,10001100,00000000
SG07,0007,10001101,00000000
SG07,0007,10001102,00000000
SG07,0007,10001103,00000000
SG07,0007,10001104,00000000
SG07,0007,10001105,00000000
SG07,0007,10001106,00000000
SG07,0007,10001107,00000000
SG07,0007,10001108,00000000
SG07,0007,10001109,00000000
SG07,0007,10001110,00000000
SG07,0007,10001111,00000000
SG07,0007,10001112,00000000
SG07,0007,10001113,00000000
SG07,0007,10001114,00000000
SG07,0007,10001115,00000000
SG07,0007,10001116,00000000
SG07,0007,10001117,00000000
SG07,0007,10001118,00000000
SG07,0007,10001119,00000000
SG07,0007,10001120,00000000
SG07,0007,10001121,00000000
SG07,0007,10001122,00000000
SG07,0007,10001123,00000000
SG07,0007,10001124,00000000
SG07,0007,10001127,00000000
SG07,0007,10001128,00000000
SG07,0007,10001129,00000000
SG07,0007,10001130,00000000
SG07,0007,10001131,00000000
SG07,0007,10001132,00000000
SG07,0007,10001135,00000000
SG07,0007,10001136,00000000
SG07,0007,10001137,00000000
SG07,0007,10001138,00000000
SG07,0007,10001139,00000000
SG07,0007,10001140,00000000
SG07,0007,10001141,00000000
SG07,0007,10001142,00000000
SG07,0007,10001143,00000000
SG07,0007,10001144,00000000
SG07,0007,10001145,00000000
SG07,0007,10001146,00000000
SG07,0007,10001147,00000000
SG07,0007,10001148,00000000
SG07,0007,10001149,00000000
SG07,0007,10001150,00000000
SG07,0007,10001151,00000000
SG07,0007,10001152,00000000
SG07,0007,10001153,00000000
SG07,0007,10001154,00000000
SG07,0007,10001155,00000000
SG07,0007,10001156,00000000
SG07,0007,10001157,00000000
SG07,0007,10001158,00000000
SG07,0007,10001159,00000000
SG07,0007,10001160,00000000
SG07,0007,10001161,00000000
SG07,0007,10001162,00000000
SG07,0007,10001163,00000000
SG07,0007,10001164,00000000
SG07,0007,10001165,00000000
SG07,0007,10001166,00000000
SG07,0007,10001167,00000000
SG07,0007,10001168,00000000
SG07,0007,10001169,00000000
SG07,0007,10001170,00000000
SG07,0007,10001171,00000000
SG07,0007,10001172,00000000
SG07,0007,10001173,00000000
SG07,0007,10001174,00000000
SG07,0007,10001175,00000000
SG07,0007,10001176,00000000
SG07,0007,10001177,00000000
SG07,0007,10001178,00000000
SG07,0007,10001179,00000000
SG07,0007,10001180,00000000
SG07,0007,10001181,00000000
SG07,0007,10001182,00000000
SG07,0007,10001183,00000000
SG07,0007,10001184,00000000
SG07,0007,10001185,00000000
SG07,0007,10001186,00000000
SG07,0007,10001187,00000000
SG07,0007,10001188,00000000
SG07,0007,10001189,00000000
SG07,0007,10001190,00000000
SG07,0007,10001191,00000000
SG07,0007,10001192,00000000
SG07,0007,10001193,00000000
SG07,0007,10001194,00000000
